seq_num,wtAA,predAA,pred_∆∆G,stable_mut_count,neutral_mut_count,destable_mut_count,prALA,prARG,prASN,prASP,prCYS,prGLN,prGLU,prGLY,prHIS,prILE,prLEU,prLYS,prMET,prPHE,prPRO,prSER,prTHR,prTRP,prTYR,prVAL,seq
1,SER,CYS,-1.0796,3,16,1,-0.0186,0.0616,0.2745,0.5393,-1.0796,0.1000,0.4915,-0.0688,-0.0630,-0.1869,-0.4377,-0.0876,-0.1928,-0.4981,-0.1866,-0.1064,0.1208,-0.7321,-0.5401,-0.1381,SEIVVAMYDFQATEAHDLRLERGQEYIILEKNDLHWWRARDKYGSEGYIPSNYVTGKK
2,GLU,CYS,-1.0356,1,17,2,0.2910,0.1028,0.3430,0.5578,-1.0356,0.0788,0.1561,0.1415,0.3056,-0.1103,0.2759,0.3665,-0.4126,-0.2289,0.6954,0.1726,0.2763,-0.0623,0.2737,-0.1904,SEIVVAMYDFQATEAHDLRLERGQEYIILEKNDLHWWRARDKYGSEGYIPSNYVTGKK
3,ILE,TRP,-0.4718,0,7,13,1.2889,1.2032,1.4650,2.2835,-0.2208,1.3394,1.6473,2.0420,0.6868,-0.2104,-0.0444,1.5072,0.5402,0.5369,1.7351,1.2090,0.1635,-0.4718,0.3843,-0.0088,SEIVVAMYDFQATEAHDLRLERGQEYIILEKNDLHWWRARDKYGSEGYIPSNYVTGKK
4,VAL,CYS,0.0360,0,2,18,1.3840,1.8286,3.2007,3.2928,0.0360,2.2366,3.2358,2.4356,2.3016,1.6070,1.4099,2.4139,1.4478,1.0879,2.3347,2.5954,1.8380,1.3344,1.2922,0.1008,SEIVVAMYDFQATEAHDLRLERGQEYIILEKNDLHWWRARDKYGSEGYIPSNYVTGKK
5,VAL,VAL,-0.2516,0,7,13,2.0334,0.7735,1.9099,3.0293,0.2195,1.2272,1.4775,2.6455,1.2251,-0.2251,1.1686,1.0067,0.6757,-0.0697,3.2539,1.7192,0.3088,-0.1606,-0.0771,-0.2516,SEIVVAMYDFQATEAHDLRLERGQEYIILEKNDLHWWRARDKYGSEGYIPSNYVTGKK
6,ALA,ALA,-0.3919,0,2,18,-0.3919,2.1833,2.1491,2.5253,-0.0370,2.5499,2.3747,2.3567,2.7276,1.2655,1.4416,2.3805,1.3933,2.1821,2.4331,0.6814,1.6754,1.9517,2.4045,0.9425,SEIVVAMYDFQATEAHDLRLERGQEYIILEKNDLHWWRARDKYGSEGYIPSNYVTGKK
7,MET,LEU,-1.7167,7,5,8,-0.1807,-0.5630,0.5145,1.2824,-0.8934,-0.2978,0.6066,1.2992,0.4735,-1.1621,-1.7167,-0.6020,-1.4803,0.6635,2.4987,0.5386,0.2432,0.4039,0.8652,-0.8241,SEIVVAMYDFQATEAHDLRLERGQEYIILEKNDLHWWRARDKYGSEGYIPSNYVTGKK
8,TYR,CYS,-1.2948,7,7,6,-0.1447,-1.1184,0.6321,0.8352,-1.2948,-0.5970,-0.0162,1.1511,-0.1673,-0.1754,-0.5336,-0.8277,-0.9925,-0.4449,2.0115,0.7739,0.8804,-0.6094,-0.3522,-0.2829,SEIVVAMYDFQATEAHDLRLERGQEYIILEKNDLHWWRARDKYGSEGYIPSNYVTGKK
9,ASP,ASP,-0.0823,0,2,18,0.4118,0.9853,0.6109,-0.0823,0.5735,1.0275,0.9639,0.9126,0.9143,2.1435,2.3813,1.4918,1.6268,1.4744,0.6457,0.7003,1.0213,1.4156,1.7530,1.7684,SEIVVAMYDFQATEAHDLRLERGQEYIILEKNDLHWWRARDKYGSEGYIPSNYVTGKK
10,PHE,PHE,-0.0005,0,2,18,2.4266,1.7349,2.7614,2.5096,1.5508,2.2883,2.6356,2.1586,2.4171,1.3941,2.4586,2.0144,2.5675,-0.0005,2.1233,2.9196,2.3752,0.3195,0.6870,1.8737,SEIVVAMYDFQATEAHDLRLERGQEYIILEKNDLHWWRARDKYGSEGYIPSNYVTGKK
11,GLN,ILE,-0.6942,4,14,2,0.0975,-0.2154,0.1684,0.3697,-0.5182,-0.1989,-0.1713,1.3188,-0.2526,-0.6942,-0.0677,-0.2094,-0.3167,-0.2584,0.9684,0.3334,-0.3070,-0.3818,-0.5313,-0.6713,SEIVVAMYDFQATEAHDLRLERGQEYIILEKNDLHWWRARDKYGSEGYIPSNYVTGKK
12,ALA,SER,0.1573,0,3,17,0.3177,1.6626,1.6118,1.8547,0.4335,1.9621,1.8838,0.6638,2.1088,1.7412,1.5063,1.6217,1.6901,2.1317,1.2316,0.1573,1.1095,2.0024,1.6453,1.8541,SEIVVAMYDFQATEAHDLRLERGQEYIILEKNDLHWWRARDKYGSEGYIPSNYVTGKK
13,THR,CYS,-0.3210,0,15,5,0.3643,-0.0854,0.2876,0.6248,-0.3210,0.0567,0.1255,0.4501,0.2024,-0.1854,-0.1748,-0.0954,-0.1544,0.7398,1.6061,0.0377,-0.2665,0.8496,0.8258,-0.2805,SEIVVAMYDFQATEAHDLRLERGQEYIILEKNDLHWWRARDKYGSEGYIPSNYVTGKK
14,GLU,HIS,-0.4992,0,18,2,0.0036,-0.0390,-0.4565,-0.3567,-0.4546,-0.0380,-0.3261,-0.3471,-0.4992,0.4629,0.4452,-0.1267,0.0784,0.3279,1.8135,-0.4860,0.0315,0.7835,0.2193,0.4288,SEIVVAMYDFQATEAHDLRLERGQEYIILEKNDLHWWRARDKYGSEGYIPSNYVTGKK
15,ALA,PRO,-0.6472,1,18,1,-0.2648,0.1311,0.4758,-0.0262,-0.0433,-0.0548,-0.1612,0.4080,0.1651,-0.0769,0.2462,-0.0407,0.2226,0.2860,-0.6472,0.0435,0.1573,0.3644,0.5622,0.1235,SEIVVAMYDFQATEAHDLRLERGQEYIILEKNDLHWWRARDKYGSEGYIPSNYVTGKK
16,HIS,CYS,-0.9926,1,16,3,0.3230,-0.1006,0.2578,0.2695,-0.9926,0.1299,0.2166,-0.4253,-0.3173,0.1652,0.7150,0.3031,0.5119,0.2945,1.5927,0.3248,0.3982,-0.3321,0.1797,0.2771,SEIVVAMYDFQATEAHDLRLERGQEYIILEKNDLHWWRARDKYGSEGYIPSNYVTGKK
17,ASP,HIS,-0.5299,1,11,8,0.1420,0.6423,0.0682,-0.2007,-0.4407,-0.3703,-0.0793,0.2029,-0.5299,1.2294,0.9139,1.3075,0.0627,-0.0866,2.0681,0.3575,0.6375,1.0913,0.0449,0.8656,SEIVVAMYDFQATEAHDLRLERGQEYIILEKNDLHWWRARDKYGSEGYIPSNYVTGKK
18,LEU,LEU,-0.3863,0,1,19,2.6221,2.6454,2.7764,2.3070,1.6167,2.4747,2.8115,3.0034,2.8322,0.8258,-0.3863,3.1113,0.8862,1.9178,3.0443,2.9031,2.9013,2.0217,2.5861,1.4258,SEIVVAMYDFQATEAHDLRLERGQEYIILEKNDLHWWRARDKYGSEGYIPSNYVTGKK
19,ARG,SER,0.3950,0,3,17,0.4016,0.6239,0.8430,1.6660,0.5549,0.6946,1.2569,1.6299,0.5431,0.4606,1.5008,0.7465,0.9569,0.9404,0.5768,0.3950,0.6107,0.6872,0.6531,0.6068,SEIVVAMYDFQATEAHDLRLERGQEYIILEKNDLHWWRARDKYGSEGYIPSNYVTGKK
20,LEU,LEU,0.3894,0,1,19,2.5744,3.5406,3.6923,3.5425,2.0521,3.1234,3.6806,3.1849,3.1913,1.5742,0.3894,3.1175,1.5020,1.4185,3.2999,3.4562,3.4786,2.3448,2.4192,1.3907,SEIVVAMYDFQATEAHDLRLERGQEYIILEKNDLHWWRARDKYGSEGYIPSNYVTGKK
21,GLU,CYS,0.0968,0,11,9,0.9852,0.6421,0.6945,0.9028,0.0968,0.4018,0.2656,1.5865,0.5170,0.1651,0.1444,0.3209,0.3860,0.3481,2.0123,0.4137,0.2814,1.0732,0.8462,0.1700,SEIVVAMYDFQATEAHDLRLERGQEYIILEKNDLHWWRARDKYGSEGYIPSNYVTGKK
22,ARG,LYS,-0.7785,1,6,13,0.2641,-0.3384,1.5867,2.2974,0.1794,0.4380,1.3100,2.0558,1.0815,0.3985,1.2060,-0.7785,0.5537,1.2026,1.0244,1.2728,1.1033,1.6368,1.3051,0.0305,SEIVVAMYDFQATEAHDLRLERGQEYIILEKNDLHWWRARDKYGSEGYIPSNYVTGKK
23,GLY,GLY,-0.3884,0,2,18,2.1759,1.9475,1.4561,1.5428,0.3273,2.4078,2.1037,-0.3884,1.3797,2.4265,2.0521,2.5534,2.0460,1.2247,3.2810,2.1395,2.1702,1.2054,1.4709,2.3204,SEIVVAMYDFQATEAHDLRLERGQEYIILEKNDLHWWRARDKYGSEGYIPSNYVTGKK
24,GLN,GLN,-0.0306,0,1,19,0.9433,1.1879,1.0557,1.1679,0.9297,-0.0306,0.8106,1.2228,1.2903,1.2617,1.9029,1.3510,0.7093,1.5924,2.6173,1.3857,0.8976,1.1104,2.0013,1.1302,SEIVVAMYDFQATEAHDLRLERGQEYIILEKNDLHWWRARDKYGSEGYIPSNYVTGKK
25,GLU,GLU,-0.6417,1,11,8,0.8317,0.9428,1.1883,0.9799,-0.3291,0.1062,-0.6417,1.4776,0.4379,-0.4165,-0.2044,1.2592,-0.0817,0.2432,1.5836,0.8245,0.1816,0.0496,0.3283,-0.2617,SEIVVAMYDFQATEAHDLRLERGQEYIILEKNDLHWWRARDKYGSEGYIPSNYVTGKK
26,TYR,TYR,0.3431,0,1,19,2.8274,2.4532,3.4673,3.2151,1.2934,3.1024,3.7205,3.2231,2.1108,1.9722,1.6433,3.0319,1.8212,0.8180,3.2360,3.4432,2.9760,1.0201,0.3431,1.5629,SEIVVAMYDFQATEAHDLRLERGQEYIILEKNDLHWWRARDKYGSEGYIPSNYVTGKK
27,ILE,ILE,-0.7595,2,8,10,1.1476,0.8131,1.4471,1.4528,-0.1088,1.0846,0.4412,2.6162,0.7439,-0.7595,-0.3129,1.1771,0.0280,-0.1688,3.3444,1.3017,0.2492,-0.5737,-0.0115,-0.2274,SEIVVAMYDFQATEAHDLRLERGQEYIILEKNDLHWWRARDKYGSEGYIPSNYVTGKK
28,ILE,LEU,0.1124,0,3,17,2.0993,2.2453,2.3809,4.1134,1.3021,2.5788,3.3022,2.7743,2.3310,0.3761,0.1124,2.2953,1.5047,2.0580,3.0907,2.5362,2.2755,2.6650,2.3708,0.1808,SEIVVAMYDFQATEAHDLRLERGQEYIILEKNDLHWWRARDKYGSEGYIPSNYVTGKK
29,LEU,LEU,-0.4785,0,3,17,2.7807,2.2988,2.4328,2.8775,1.0014,1.6669,2.1907,2.8857,2.0291,-0.1695,-0.4785,2.3023,0.4996,1.6049,3.9182,2.4174,1.3632,1.7067,1.4958,0.6299,SEIVVAMYDFQATEAHDLRLERGQEYIILEKNDLHWWRARDKYGSEGYIPSNYVTGKK
30,GLU,CYS,-0.0967,0,9,11,0.3297,1.1212,1.0930,0.5936,-0.0967,0.2993,-0.0409,1.1471,0.3822,0.6782,0.7252,1.2295,0.5462,0.4717,3.4828,0.3406,0.9189,0.0628,0.2370,0.9329,SEIVVAMYDFQATEAHDLRLERGQEYIILEKNDLHWWRARDKYGSEGYIPSNYVTGKK
31,LYS,LYS,-0.7794,1,2,17,0.7674,-0.1959,0.7322,1.5081,0.7818,0.1191,1.2900,1.6335,0.6715,0.7976,1.3082,-0.7794,0.7451,0.5597,2.2782,0.5309,1.1258,0.6901,0.6656,1.0288,SEIVVAMYDFQATEAHDLRLERGQEYIILEKNDLHWWRARDKYGSEGYIPSNYVTGKK
32,ASN,ILE,-1.2403,4,12,4,0.5385,-0.4340,0.0949,1.0501,-0.5607,0.3250,0.9325,0.5261,-0.0942,-1.2403,-0.5262,-0.4309,-0.0993,-0.3571,0.4978,0.1541,-0.1137,-0.1646,-0.2122,-0.6929,SEIVVAMYDFQATEAHDLRLERGQEYIILEKNDLHWWRARDKYGSEGYIPSNYVTGKK
33,ASP,ASP,-0.3343,0,7,13,0.3644,0.9493,-0.1848,-0.3343,-0.0356,0.5866,0.1420,0.0288,0.7486,1.0791,0.8363,0.9007,0.9003,0.9505,1.2287,-0.2612,0.5163,1.4768,1.1643,1.1169,SEIVVAMYDFQATEAHDLRLERGQEYIILEKNDLHWWRARDKYGSEGYIPSNYVTGKK
34,LEU,ASP,-0.6734,1,19,0,-0.0202,0.4890,-0.0637,-0.6734,-0.3551,0.0404,-0.4585,0.0495,-0.1194,0.3151,0.0094,0.3258,0.3116,0.2403,-0.4312,0.0765,0.2043,0.4975,0.3441,0.4264,SEIVVAMYDFQATEAHDLRLERGQEYIILEKNDLHWWRARDKYGSEGYIPSNYVTGKK
35,HIS,ASN,-0.3008,0,12,8,0.5513,0.7846,-0.3008,-0.1832,-0.2815,0.7418,0.1993,0.4687,-0.2283,0.8042,0.3921,0.7077,0.4663,0.0109,1.5569,0.5609,0.3487,0.4505,-0.0448,0.5446,SEIVVAMYDFQATEAHDLRLERGQEYIILEKNDLHWWRARDKYGSEGYIPSNYVTGKK
36,TRP,TRP,0.1168,0,2,18,1.9817,0.9730,1.4749,2.7694,0.5282,1.6254,1.6867,2.7244,0.5852,1.8657,1.3059,1.4280,0.9622,0.9885,3.1953,1.3869,1.2939,0.1168,0.4760,1.8513,SEIVVAMYDFQATEAHDLRLERGQEYIILEKNDLHWWRARDKYGSEGYIPSNYVTGKK
37,TRP,TRP,-0.0127,0,1,19,2.8174,3.1408,3.2158,2.9029,1.5703,3.3357,2.8201,3.1487,2.8685,2.2031,1.9476,3.4407,2.1450,1.3005,2.9141,2.8086,3.3816,-0.0127,0.9784,2.1713,SEIVVAMYDFQATEAHDLRLERGQEYIILEKNDLHWWRARDKYGSEGYIPSNYVTGKK
38,ARG,TRP,-0.2512,0,8,12,2.3972,-0.1323,2.5216,3.8722,0.3754,1.6172,2.5920,2.3845,0.6746,1.7328,0.1729,-0.0891,0.2136,0.1429,2.6268,2.1135,2.5608,-0.2512,-0.1626,1.5543,SEIVVAMYDFQATEAHDLRLERGQEYIILEKNDLHWWRARDKYGSEGYIPSNYVTGKK
39,ALA,VAL,0.1801,0,1,19,0.5368,2.5532,3.2373,3.4857,0.5007,2.8056,2.6954,1.5890,2.7779,1.1333,2.0941,3.2348,2.3688,2.3021,2.0586,2.3782,2.3722,2.2151,2.3765,0.1801,SEIVVAMYDFQATEAHDLRLERGQEYIILEKNDLHWWRARDKYGSEGYIPSNYVTGKK
40,ARG,ARG,-0.4056,0,6,14,1.2264,-0.4056,1.7855,4.0680,0.4282,0.1664,1.1464,2.1090,0.9006,0.6987,0.7018,0.1084,0.0281,1.2935,3.7963,0.8336,0.9264,1.9426,1.1942,0.3404,SEIVVAMYDFQATEAHDLRLERGQEYIILEKNDLHWWRARDKYGSEGYIPSNYVTGKK
41,ASP,ASP,-0.2110,0,1,19,1.0651,2.1038,0.8471,-0.2110,0.7464,1.8044,1.9777,1.3838,0.8734,2.0806,0.9694,1.3321,1.1749,1.2393,2.3357,0.5992,0.7937,1.4443,1.6267,1.9852,SEIVVAMYDFQATEAHDLRLERGQEYIILEKNDLHWWRARDKYGSEGYIPSNYVTGKK
42,LYS,CYS,-0.0688,0,13,7,0.1374,0.2482,0.9968,1.5057,-0.0688,0.2260,0.4748,0.9183,0.5627,0.2839,0.0338,0.0975,0.2749,0.5177,0.4574,0.3401,0.7513,0.4208,0.3957,0.5405,SEIVVAMYDFQATEAHDLRLERGQEYIILEKNDLHWWRARDKYGSEGYIPSNYVTGKK
43,TYR,TYR,-0.1422,0,10,10,0.4835,0.6272,0.0403,0.8570,-0.0567,0.5030,0.8634,0.7364,0.0254,1.3988,0.6128,0.4243,0.3826,-0.0273,2.8643,0.3291,0.8688,0.2317,-0.1422,1.1394,SEIVVAMYDFQATEAHDLRLERGQEYIILEKNDLHWWRARDKYGSEGYIPSNYVTGKK
44,GLY,GLY,-0.1811,0,1,19,1.9877,2.5929,0.6266,1.3736,0.7294,1.7095,1.9907,-0.1811,1.5661,2.8733,1.5570,1.8863,1.4491,1.3100,2.6263,1.9324,2.3861,1.7272,2.0554,2.6652,SEIVVAMYDFQATEAHDLRLERGQEYIILEKNDLHWWRARDKYGSEGYIPSNYVTGKK
45,SER,ASN,-0.6656,1,13,6,0.1588,-0.2592,-0.6656,0.2014,0.0609,-0.0448,0.6501,0.8076,-0.0385,0.3899,0.2518,-0.3062,-0.0034,0.6022,2.7100,0.4100,0.5952,0.7507,0.4994,0.2998,SEIVVAMYDFQATEAHDLRLERGQEYIILEKNDLHWWRARDKYGSEGYIPSNYVTGKK
46,GLU,VAL,-0.2949,0,12,8,0.9034,1.4122,1.3560,1.3667,-0.2257,0.4489,-0.1252,2.0435,0.8482,-0.1704,0.4996,1.1489,0.1834,0.3110,2.2948,0.3607,-0.1620,0.4467,0.2273,-0.2949,SEIVVAMYDFQATEAHDLRLERGQEYIILEKNDLHWWRARDKYGSEGYIPSNYVTGKK
47,GLY,GLY,-0.0196,0,1,19,1.7954,2.2670,2.8975,2.5694,1.3289,1.5975,2.6265,-0.0196,2.0503,1.9791,1.9181,2.1230,1.6180,1.8705,3.8366,2.5449,2.2171,1.7847,1.6805,1.3142,SEIVVAMYDFQATEAHDLRLERGQEYIILEKNDLHWWRARDKYGSEGYIPSNYVTGKK
48,TYR,TRP,-0.1845,0,3,17,2.4941,1.5931,1.9014,3.0495,0.7027,2.0504,3.0149,2.7762,1.5043,1.8592,0.9440,1.4212,1.0475,0.4083,2.6480,2.0686,1.8187,-0.1845,0.1095,2.1600,SEIVVAMYDFQATEAHDLRLERGQEYIILEKNDLHWWRARDKYGSEGYIPSNYVTGKK
49,ILE,VAL,-0.0123,0,2,18,1.3541,3.5611,3.5627,3.6511,1.5577,2.8776,3.2509,3.0637,3.0799,0.4604,1.8989,3.2417,1.2375,1.8254,3.2711,3.0300,2.2646,3.2314,3.3747,-0.0123,SEIVVAMYDFQATEAHDLRLERGQEYIILEKNDLHWWRARDKYGSEGYIPSNYVTGKK
50,PRO,PRO,-0.0409,0,1,19,1.7868,1.7447,1.9884,1.7463,0.8653,2.0036,2.4927,2.8895,2.3496,1.1755,0.9527,1.8633,1.2532,1.4485,-0.0409,1.7068,1.7965,1.4214,1.7170,1.6084,SEIVVAMYDFQATEAHDLRLERGQEYIILEKNDLHWWRARDKYGSEGYIPSNYVTGKK
51,SER,SER,-0.3686,0,3,17,0.4886,1.3708,1.4176,1.9205,0.5994,1.0977,1.3293,1.3367,1.4388,0.6680,1.9660,1.1006,0.6867,1.4891,1.8816,-0.3686,0.2118,1.9286,1.6596,0.5555,SEIVVAMYDFQATEAHDLRLERGQEYIILEKNDLHWWRARDKYGSEGYIPSNYVTGKK
52,ASN,CYS,-1.1774,2,14,4,-0.5485,-0.1460,0.0130,0.4992,-1.1774,0.2225,0.5576,0.2755,-0.0764,0.0626,0.3139,-0.0473,0.0129,0.7469,1.6178,-0.4001,0.4604,0.3892,0.5379,0.2825,SEIVVAMYDFQATEAHDLRLERGQEYIILEKNDLHWWRARDKYGSEGYIPSNYVTGKK
53,TYR,CYS,-1.0606,6,3,11,-0.2816,1.5771,0.9678,2.1669,-1.0606,1.4946,2.1095,1.1122,0.1273,-0.8685,-0.5724,0.8997,-0.5358,-0.6378,2.4562,0.9567,0.6126,0.7272,-0.3747,-0.6414,SEIVVAMYDFQATEAHDLRLERGQEYIILEKNDLHWWRARDKYGSEGYIPSNYVTGKK
54,VAL,VAL,-0.2690,0,1,19,1.8869,2.7914,2.9879,2.4042,1.3465,2.9912,2.5526,2.9840,2.5514,0.6714,1.5959,3.0009,2.1476,1.7633,2.6740,2.5884,1.3043,2.0481,2.3776,-0.2690,SEIVVAMYDFQATEAHDLRLERGQEYIILEKNDLHWWRARDKYGSEGYIPSNYVTGKK
55,THR,CYS,-0.5513,1,16,3,-0.0121,-0.1703,0.4356,0.6023,-0.5513,-0.3349,-0.0360,0.9746,0.1965,-0.2731,-0.0422,-0.3188,0.1475,0.0520,2.5894,0.1139,-0.0041,0.3035,-0.1146,-0.3782,SEIVVAMYDFQATEAHDLRLERGQEYIILEKNDLHWWRARDKYGSEGYIPSNYVTGKK
56,GLY,ILE,-1.0160,3,10,7,0.1215,0.5608,0.5490,1.2558,-0.6096,0.6192,0.4920,0.6941,0.5342,-1.0160,-0.3923,0.6599,0.2076,-0.0821,-0.0836,-0.1199,-0.0991,0.0559,-0.1717,-0.8343,SEIVVAMYDFQATEAHDLRLERGQEYIILEKNDLHWWRARDKYGSEGYIPSNYVTGKK
57,LYS,ILE,-0.8576,4,14,2,0.0302,-0.4020,0.3029,0.9841,-0.6652,0.2143,0.9553,0.3427,-0.1957,-0.8576,-0.4269,-0.1234,-0.2021,-0.1349,0.2018,-0.2201,-0.0638,-0.2231,-0.5068,-0.6737,SEIVVAMYDFQATEAHDLRLERGQEYIILEKNDLHWWRARDKYGSEGYIPSNYVTGKK
58,LYS,CYS,-0.5501,1,19,0,-0.1200,0.0545,0.0736,0.2169,-0.5501,-0.0139,0.1197,-0.0833,-0.0835,-0.4198,-0.1962,-0.2040,-0.1728,0.0649,-0.4349,-0.1439,-0.2137,0.1911,0.1760,-0.4186,SEIVVAMYDFQATEAHDLRLERGQEYIILEKNDLHWWRARDKYGSEGYIPSNYVTGKK
