seq_num,wtAA,predAA,pred_ddG,stable_mut_count,neutral_mut_count,destable_mut_count,prALA,prARG,prASN,prASP,prCYS,prGLN,prGLU,prGLY,prHIS,prILE,prLEU,prLYS,prMET,prPHE,prPRO,prSER,prTHR,prTRP,prTYR,prVAL,seq
1,SER,PRO,0.3484,0,3,17,0.7304,0.7967,0.9635,0.7046,0.3578,0.9103,0.7516,0.4931,0.9675,0.8449,0.6896,0.8610,0.8722,0.8576,0.3484,0.7961,0.6254,0.6223,0.8560,0.7300,SEIVVAMYDFQATEAHDLRLERGQEYIILEKNDLHWWRARDKYGSEGYIPSNYVTGKK
2,GLU,CYS,-0.2203,0,12,8,0.6572,0.3373,0.5480,0.5078,-0.2203,0.3620,0.2327,0.7505,0.4881,0.4115,0.5515,0.4866,0.5296,0.5119,0.2672,0.6658,0.4719,0.1923,0.4140,0.4494,SEIVVAMYDFQATEAHDLRLERGQEYIILEKNDLHWWRARDKYGSEGYIPSNYVTGKK
3,ILE,CYS,0.5659,0,0,20,1.1253,0.8270,1.2091,1.3866,0.5659,0.8834,0.8853,1.2049,0.9541,0.7176,0.7528,1.2974,0.8022,0.7468,1.7749,1.2079,1.2267,0.7025,0.8778,1.0106,SEIVVAMYDFQATEAHDLRLERGQEYIILEKNDLHWWRARDKYGSEGYIPSNYVTGKK
4,VAL,CYS,0.0008,0,9,11,0.4431,0.9525,1.3365,2.1157,0.0008,0.7619,1.3099,1.3797,1.0032,0.4988,0.4465,1.6089,0.4850,0.4484,1.9056,1.2316,1.3117,0.0365,0.3789,0.3035,SEIVVAMYDFQATEAHDLRLERGQEYIILEKNDLHWWRARDKYGSEGYIPSNYVTGKK
5,VAL,ILE,0.0922,0,2,18,1.6996,0.9651,1.7998,1.7862,0.8095,1.0545,1.1077,2.0772,1.2995,0.0922,0.7303,1.6092,1.0330,0.8193,1.6278,1.7844,1.2262,0.9542,0.8531,0.4530,SEIVVAMYDFQATEAHDLRLERGQEYIILEKNDLHWWRARDKYGSEGYIPSNYVTGKK
6,ALA,CYS,-0.3377,0,3,17,0.3954,1.0156,1.4388,1.4116,-0.3377,1.1154,1.1203,1.3739,1.5699,0.6023,1.3023,1.3258,1.1517,1.4805,0.5588,1.0027,1.1258,1.1495,1.3956,0.4675,SEIVVAMYDFQATEAHDLRLERGQEYIILEKNDLHWWRARDKYGSEGYIPSNYVTGKK
7,MET,LEU,-0.2859,0,3,17,1.4379,1.0786,1.5299,1.5515,0.5389,1.2252,1.1091,2.1367,1.7755,0.3891,-0.2859,1.2459,0.3101,1.5225,2.0364,1.9528,1.7357,1.6540,1.6133,0.9444,SEIVVAMYDFQATEAHDLRLERGQEYIILEKNDLHWWRARDKYGSEGYIPSNYVTGKK
8,TYR,TYR,0.0430,0,2,18,1.6592,0.9995,1.5855,1.6120,0.6649,1.3223,1.5161,1.6144,1.0496,1.3982,1.4090,1.5672,1.3177,0.4836,1.9494,1.4989,1.7417,0.6138,0.0430,1.7648,SEIVVAMYDFQATEAHDLRLERGQEYIILEKNDLHWWRARDKYGSEGYIPSNYVTGKK
9,ASP,ASP,0.4521,0,1,19,1.2941,1.0777,0.5380,0.4521,0.5695,1.2689,1.2486,1.5306,1.3177,1.4079,1.5443,1.2421,1.5757,1.5652,0.5152,1.0442,1.0540,1.0080,1.4567,1.4378,SEIVVAMYDFQATEAHDLRLERGQEYIILEKNDLHWWRARDKYGSEGYIPSNYVTGKK
10,PHE,TYR,0.1724,0,3,17,1.5751,0.7489,1.4658,1.4477,0.4958,1.2916,1.4874,1.3415,1.0482,1.1896,1.3564,1.2342,1.4067,0.1880,1.5993,1.4479,1.4530,0.6284,0.1724,1.6577,SEIVVAMYDFQATEAHDLRLERGQEYIILEKNDLHWWRARDKYGSEGYIPSNYVTGKK
11,GLN,LEU,-0.0865,0,6,14,1.1202,0.6835,0.8813,0.8131,0.1448,0.6297,0.6441,1.4317,0.6926,0.2852,-0.0865,0.6494,0.7044,0.3428,0.1892,1.2050,0.6538,0.5513,0.5921,0.4203,SEIVVAMYDFQATEAHDLRLERGQEYIILEKNDLHWWRARDKYGSEGYIPSNYVTGKK
12,ALA,ALA,0.3487,0,2,18,0.3487,0.7935,1.1388,0.8182,0.9229,1.0662,0.9037,0.4990,1.4385,1.6583,1.5974,1.0722,1.4982,2.0358,0.5646,1.0724,1.7526,1.7232,1.8580,1.6826,SEIVVAMYDFQATEAHDLRLERGQEYIILEKNDLHWWRARDKYGSEGYIPSNYVTGKK
13,THR,CYS,-0.1163,0,8,12,0.9114,0.5954,0.9181,0.7597,-0.1163,0.5757,0.5273,1.0125,0.8789,0.0886,0.3729,0.5969,0.6843,0.4242,0.3774,1.0244,0.3560,0.0839,0.5015,0.1930,SEIVVAMYDFQATEAHDLRLERGQEYIILEKNDLHWWRARDKYGSEGYIPSNYVTGKK
14,GLU,HIS,0.1832,0,8,12,0.5739,0.4741,0.3193,0.5195,0.3075,0.4817,0.3112,0.4978,0.1832,0.9083,0.4144,0.8291,0.6601,0.5855,1.2383,0.7037,0.5564,0.5906,0.6533,0.9241,SEIVVAMYDFQATEAHDLRLERGQEYIILEKNDLHWWRARDKYGSEGYIPSNYVTGKK
15,ALA,PRO,0.4352,0,2,18,0.7885,0.7257,0.5298,0.6760,0.5107,0.7100,0.6236,1.1250,0.9593,0.4613,0.5532,1.0192,0.8995,1.0396,0.4352,0.8219,0.9780,0.6033,1.0429,0.7283,SEIVVAMYDFQATEAHDLRLERGQEYIILEKNDLHWWRARDKYGSEGYIPSNYVTGKK
16,HIS,CYS,0.0066,0,1,19,1.3736,0.6284,0.8846,0.6865,0.0066,0.8354,0.8105,0.9355,0.6599,1.0276,0.9238,0.6485,1.1679,0.8575,0.8629,1.0232,0.6162,0.5906,0.9825,1.0951,SEIVVAMYDFQATEAHDLRLERGQEYIILEKNDLHWWRARDKYGSEGYIPSNYVTGKK
17,ASP,CYS,-0.1072,0,3,17,1.0034,1.1959,0.6964,0.1706,-0.1072,0.7521,0.1294,0.8294,0.9327,1.0019,0.9428,1.1629,1.1071,0.8925,0.5021,0.9414,0.8697,0.7658,1.0297,0.9929,SEIVVAMYDFQATEAHDLRLERGQEYIILEKNDLHWWRARDKYGSEGYIPSNYVTGKK
18,LEU,LEU,-0.2409,0,2,18,1.9550,1.2471,1.8369,1.6806,0.5693,1.4708,1.5705,1.7831,1.9068,0.4963,-0.2409,1.6366,0.5963,1.2603,1.6656,1.9282,2.0925,1.3294,1.4638,1.2807,SEIVVAMYDFQATEAHDLRLERGQEYIILEKNDLHWWRARDKYGSEGYIPSNYVTGKK
19,ARG,LEU,0.5263,0,0,20,0.9168,1.1096,1.1429,1.0925,0.6055,1.0123,0.9979,1.0564,0.9293,0.8747,0.5263,1.4057,1.0413,1.0758,0.9142,0.9559,0.9339,0.9638,1.2334,0.9485,SEIVVAMYDFQATEAHDLRLERGQEYIILEKNDLHWWRARDKYGSEGYIPSNYVTGKK
20,LEU,PHE,0.2113,0,3,17,1.6641,1.2253,1.5323,1.4617,0.3970,1.4648,1.4286,1.5273,1.5661,0.6957,0.2320,1.6712,0.6790,0.2113,1.4167,1.7334,1.7136,1.3344,1.2343,1.3445,SEIVVAMYDFQATEAHDLRLERGQEYIILEKNDLHWWRARDKYGSEGYIPSNYVTGKK
21,GLU,ARG,-0.0391,0,12,8,0.4997,-0.0391,0.3777,0.6518,0.4177,0.1803,0.2030,1.0520,0.1595,0.1216,0.1816,0.3966,0.4793,0.6875,1.3700,0.6569,0.5140,0.7929,0.7679,0.2403,SEIVVAMYDFQATEAHDLRLERGQEYIILEKNDLHWWRARDKYGSEGYIPSNYVTGKK
22,ARG,LEU,0.2039,0,3,17,0.8832,0.7287,1.4520,1.4997,0.6133,0.8104,0.7984,1.5120,1.1925,0.2332,0.2039,0.9557,0.6492,0.9155,0.8663,1.5534,1.2476,1.1637,1.3434,0.4065,SEIVVAMYDFQATEAHDLRLERGQEYIILEKNDLHWWRARDKYGSEGYIPSNYVTGKK
23,GLY,GLY,0.7759,0,0,20,1.3453,1.2734,0.9942,1.0684,1.1685,1.2432,0.9564,0.7759,1.3369,1.1969,1.1451,1.7019,1.4522,1.5704,1.9391,1.4342,1.5280,1.5210,1.5944,1.3590,SEIVVAMYDFQATEAHDLRLERGQEYIILEKNDLHWWRARDKYGSEGYIPSNYVTGKK
24,GLN,CYS,0.0009,0,3,17,1.0563,1.2990,1.0293,0.3022,0.0009,0.6792,0.1669,1.1708,1.0479,1.1479,0.9499,1.2781,1.0426,0.7964,0.8240,1.1169,0.9812,0.6547,1.0050,1.1285,SEIVVAMYDFQATEAHDLRLERGQEYIILEKNDLHWWRARDKYGSEGYIPSNYVTGKK
25,GLU,ILE,-0.7054,1,10,9,0.7581,0.0438,0.5815,1.2844,-0.1315,0.0916,0.1258,1.3256,0.2887,-0.7054,0.0738,0.4993,0.4717,0.6056,0.6116,0.7973,0.4199,0.5979,0.6022,-0.2952,SEIVVAMYDFQATEAHDLRLERGQEYIILEKNDLHWWRARDKYGSEGYIPSNYVTGKK
26,TYR,ILE,0.1562,0,4,16,1.7024,1.0581,1.6713,1.7297,0.2922,1.3349,1.6218,1.7128,1.2885,0.1562,0.2335,1.5747,0.7907,0.5870,1.5098,1.8369,1.8048,0.5574,0.3522,0.6127,SEIVVAMYDFQATEAHDLRLERGQEYIILEKNDLHWWRARDKYGSEGYIPSNYVTGKK
27,ILE,ILE,0.2296,0,2,18,1.7009,1.2615,1.5709,1.8396,0.2692,1.2534,1.0298,1.8123,1.4431,0.2296,0.9268,1.3015,1.3387,1.1377,0.7934,1.6534,0.8445,0.9846,1.3269,0.5422,SEIVVAMYDFQATEAHDLRLERGQEYIILEKNDLHWWRARDKYGSEGYIPSNYVTGKK
28,ILE,ILE,-0.1165,0,4,16,1.6911,1.3177,1.2398,1.6463,0.0554,1.2071,1.1132,1.4931,1.5551,-0.1165,0.5300,1.2747,1.1939,1.5225,0.3801,1.8568,1.3708,1.3434,1.7478,0.2510,SEIVVAMYDFQATEAHDLRLERGQEYIILEKNDLHWWRARDKYGSEGYIPSNYVTGKK
29,LEU,ILE,-0.1550,0,5,15,1.8870,1.2331,1.3915,1.7271,-0.0413,1.2498,1.2316,1.8699,1.4592,-0.1550,0.2194,1.3352,0.9098,0.9546,0.4498,1.7421,1.0736,0.8458,1.1074,0.3634,SEIVVAMYDFQATEAHDLRLERGQEYIILEKNDLHWWRARDKYGSEGYIPSNYVTGKK
30,GLU,GLU,0.1064,0,5,15,0.6376,0.5734,0.4247,0.1762,0.5314,0.3850,0.1064,0.6050,0.3826,1.0402,0.5217,0.7926,0.8088,0.8353,1.2280,0.8535,0.9415,0.8781,0.9414,1.0830,SEIVVAMYDFQATEAHDLRLERGQEYIILEKNDLHWWRARDKYGSEGYIPSNYVTGKK
31,LYS,ARG,0.2507,0,4,16,0.7438,0.2507,0.7991,0.6120,0.4086,0.5100,0.6040,1.0235,0.6860,0.3906,0.3759,0.8441,0.6469,0.7044,1.2094,0.9805,0.9236,0.6907,0.7927,0.6659,SEIVVAMYDFQATEAHDLRLERGQEYIILEKNDLHWWRARDKYGSEGYIPSNYVTGKK
32,ASN,CYS,-0.3630,0,7,13,0.9645,0.7049,0.6628,0.6308,-0.3630,0.6970,0.6506,0.8629,0.6750,0.4989,0.3253,0.8032,0.7455,0.4867,-0.0559,0.8395,0.6310,0.3097,0.3751,0.5179,SEIVVAMYDFQATEAHDLRLERGQEYIILEKNDLHWWRARDKYGSEGYIPSNYVTGKK
33,ASP,PRO,0.1279,0,4,16,1.0708,0.7174,0.2777,0.4211,0.1885,0.7833,0.6300,0.8182,0.9484,0.9864,0.8865,0.7520,1.1699,0.9526,0.1279,0.9485,0.7932,0.6749,1.0463,0.9788,SEIVVAMYDFQATEAHDLRLERGQEYIILEKNDLHWWRARDKYGSEGYIPSNYVTGKK
34,LEU,ARG,0.0843,0,9,11,0.5230,0.0843,0.2317,0.6016,0.2305,0.3837,0.4893,0.5225,0.5423,0.2959,0.2721,0.4819,0.5658,0.9686,0.4624,0.5489,0.7320,0.6016,0.9028,0.6941,SEIVVAMYDFQATEAHDLRLERGQEYIILEKNDLHWWRARDKYGSEGYIPSNYVTGKK
35,HIS,CYS,0.1198,0,1,19,1.4656,0.6934,0.9601,0.7977,0.1198,0.9022,0.8580,0.8427,0.6293,1.1670,0.9474,0.7886,1.1413,0.8125,1.1059,1.2395,0.9580,0.5256,0.9055,1.2920,SEIVVAMYDFQATEAHDLRLERGQEYIILEKNDLHWWRARDKYGSEGYIPSNYVTGKK
36,TRP,TRP,-0.2358,0,1,19,1.2552,0.9245,1.3285,1.1612,0.5339,1.0324,1.1640,1.3693,1.3325,1.2974,1.6364,1.4040,1.5165,1.5195,1.7132,1.3276,1.5950,-0.2358,1.4227,1.5161,SEIVVAMYDFQATEAHDLRLERGQEYIILEKNDLHWWRARDKYGSEGYIPSNYVTGKK
37,TRP,TRP,-0.0205,0,2,18,1.0185,0.8122,1.3368,1.2494,0.2514,1.0285,1.0992,1.2776,1.2814,0.8776,1.1282,1.2664,1.1456,1.2915,1.6079,1.2025,1.3144,-0.0205,1.0434,1.1061,SEIVVAMYDFQATEAHDLRLERGQEYIILEKNDLHWWRARDKYGSEGYIPSNYVTGKK
38,ARG,CYS,-0.0059,0,5,15,1.6633,0.8403,1.4244,1.4886,-0.0059,1.1784,1.1304,1.5306,1.1346,0.5051,0.0796,0.9971,0.7778,0.2338,0.7172,1.6307,0.9642,0.3775,0.4667,0.7369,SEIVVAMYDFQATEAHDLRLERGQEYIILEKNDLHWWRARDKYGSEGYIPSNYVTGKK
39,ALA,CYS,0.0687,0,3,17,0.2300,1.0040,1.5575,1.5536,0.0687,1.0374,1.0469,0.7546,1.5313,0.6688,1.4663,1.4416,1.1608,1.6058,1.4838,1.2358,1.4121,1.4900,1.5630,0.4886,SEIVVAMYDFQATEAHDLRLERGQEYIILEKNDLHWWRARDKYGSEGYIPSNYVTGKK
40,ARG,LEU,0.4004,0,2,18,1.2430,0.9421,1.5720,1.5340,0.4677,0.9030,0.9527,1.2295,1.1613,0.5734,0.4004,1.3161,0.7764,0.8464,1.4816,1.4845,1.1318,1.1209,1.1879,0.7273,SEIVVAMYDFQATEAHDLRLERGQEYIILEKNDLHWWRARDKYGSEGYIPSNYVTGKK
41,ASP,CYS,-0.6067,1,9,10,0.9029,0.3625,-0.2005,0.1673,-0.6067,0.6738,0.6503,1.0498,0.5291,0.3415,0.3420,0.4851,0.7835,0.8193,-0.1356,0.5937,0.3708,0.5429,0.7233,0.4935,SEIVVAMYDFQATEAHDLRLERGQEYIILEKNDLHWWRARDKYGSEGYIPSNYVTGKK
42,LYS,ILE,0.0725,0,4,16,0.8275,0.2969,0.9904,1.3396,0.1806,0.8152,1.0515,0.9016,1.1021,0.0725,0.1899,0.6933,0.5175,0.7034,0.7804,0.8885,0.9930,0.5295,0.9016,0.6407,SEIVVAMYDFQATEAHDLRLERGQEYIILEKNDLHWWRARDKYGSEGYIPSNYVTGKK
43,TYR,ASP,0.3217,0,5,15,0.9489,0.4491,0.3957,0.3217,0.3867,0.8041,0.9012,0.8966,0.5889,1.1131,0.6063,0.8696,0.9228,0.7942,1.1529,0.8069,0.9161,0.4942,0.6908,1.2552,SEIVVAMYDFQATEAHDLRLERGQEYIILEKNDLHWWRARDKYGSEGYIPSNYVTGKK
44,GLY,GLY,0.6573,0,0,20,1.2304,1.0805,0.9557,1.1361,1.0421,1.0713,0.9121,0.6573,1.2287,1.1956,1.0158,1.5710,1.3150,1.4655,1.9524,1.3116,1.4110,1.4403,1.5281,1.3705,SEIVVAMYDFQATEAHDLRLERGQEYIILEKNDLHWWRARDKYGSEGYIPSNYVTGKK
45,SER,LEU,-0.0629,0,8,12,0.9069,0.4359,0.4509,0.6763,0.1975,0.3061,0.4552,1.1889,0.5257,0.0268,-0.0629,0.5789,0.5014,0.6420,1.3200,0.6455,0.7664,0.7641,0.9577,0.2115,SEIVVAMYDFQATEAHDLRLERGQEYIILEKNDLHWWRARDKYGSEGYIPSNYVTGKK
46,GLU,ILE,-0.2825,0,10,10,0.6095,0.0521,0.6935,0.9839,0.1137,0.1371,0.0867,1.0119,0.3699,-0.2825,0.3508,0.4619,0.6012,0.6033,0.6718,0.6324,0.1650,0.5068,0.5024,-0.1063,SEIVVAMYDFQATEAHDLRLERGQEYIILEKNDLHWWRARDKYGSEGYIPSNYVTGKK
47,GLY,GLY,0.4867,0,1,19,1.2442,1.2224,1.4528,1.2722,0.9149,1.1065,1.0832,0.4867,1.2320,1.3306,1.0173,1.6718,1.1904,1.1840,2.1936,1.3789,1.4474,1.1102,1.2642,1.4645,SEIVVAMYDFQATEAHDLRLERGQEYIILEKNDLHWWRARDKYGSEGYIPSNYVTGKK
48,TYR,TRP,0.1035,0,4,16,1.7822,1.0359,1.7299,1.8592,0.4049,1.4535,1.6059,1.6914,1.2761,0.8187,0.7778,1.5789,0.9326,0.3700,1.6857,1.5908,1.7186,0.1035,0.1292,1.3954,SEIVVAMYDFQATEAHDLRLERGQEYIILEKNDLHWWRARDKYGSEGYIPSNYVTGKK
49,ILE,ILE,0.2447,0,3,17,0.8380,1.4239,1.5445,1.9040,0.4110,1.3649,1.4637,1.3930,1.3059,0.2447,0.9269,1.8765,1.0888,0.4599,1.6950,1.5187,1.5437,0.9280,1.0476,0.5946,SEIVVAMYDFQATEAHDLRLERGQEYIILEKNDLHWWRARDKYGSEGYIPSNYVTGKK
50,PRO,PRO,0.7759,0,0,20,1.3302,1.1636,1.6756,1.6820,1.0603,1.2922,1.3059,1.7274,1.6531,1.2422,1.0740,1.5720,1.3426,1.5717,0.7759,1.5648,1.6661,1.1892,1.4440,1.5859,SEIVVAMYDFQATEAHDLRLERGQEYIILEKNDLHWWRARDKYGSEGYIPSNYVTGKK
51,SER,CYS,-0.2398,0,3,17,0.3405,0.5660,1.1973,1.1636,-0.2398,0.9403,0.8501,0.6633,1.1441,0.5350,0.8925,0.7815,0.7392,0.7944,0.8134,0.4988,1.1530,0.6119,0.7018,0.7212,SEIVVAMYDFQATEAHDLRLERGQEYIILEKNDLHWWRARDKYGSEGYIPSNYVTGKK
52,ASN,ASN,0.2008,0,1,19,1.0591,1.0728,0.2008,0.7838,0.5067,1.1605,1.1184,1.0638,0.9293,1.2490,0.9422,1.4157,1.1380,1.1602,1.5284,0.8983,1.1031,1.0298,1.2625,1.3833,SEIVVAMYDFQATEAHDLRLERGQEYIILEKNDLHWWRARDKYGSEGYIPSNYVTGKK
53,TYR,TYR,0.1783,0,1,19,1.8557,1.0747,1.5868,1.6863,0.6787,1.5454,1.6689,1.6739,1.2133,1.2738,1.2053,1.6465,1.3726,0.5890,1.7186,1.6637,1.7850,0.8415,0.1783,1.6485,SEIVVAMYDFQATEAHDLRLERGQEYIILEKNDLHWWRARDKYGSEGYIPSNYVTGKK
54,VAL,LEU,0.2865,0,4,16,1.0162,1.3361,1.7199,1.3989,0.3995,0.9939,1.1234,1.3158,1.2351,0.3776,0.2865,1.7337,0.8109,1.0325,1.6597,1.6255,1.3220,1.0264,1.2101,0.4692,SEIVVAMYDFQATEAHDLRLERGQEYIILEKNDLHWWRARDKYGSEGYIPSNYVTGKK
55,THR,GLU,0.2500,0,6,14,0.6085,0.8634,1.2826,0.8680,0.2987,0.5090,0.2500,1.0359,0.5960,0.5621,0.2634,1.1205,0.4627,0.4584,1.5686,1.0634,0.5581,0.5372,0.5338,0.4333,SEIVVAMYDFQATEAHDLRLERGQEYIILEKNDLHWWRARDKYGSEGYIPSNYVTGKK
56,GLY,LEU,-0.0203,0,6,14,0.5745,0.7339,0.8940,0.5285,0.2661,0.4615,0.2598,0.5180,0.6239,0.4133,-0.0203,1.0912,0.3292,0.5461,0.8246,0.8429,0.8730,0.5115,0.6522,0.5262,SEIVVAMYDFQATEAHDLRLERGQEYIILEKNDLHWWRARDKYGSEGYIPSNYVTGKK
57,LYS,ILE,-0.0468,0,10,10,0.8747,0.4201,0.9442,1.1032,0.0483,0.4792,0.5086,1.1711,0.7377,-0.0468,0.0822,0.6165,0.2136,0.4307,0.5486,0.9079,0.7506,0.2298,0.3522,0.2038,SEIVVAMYDFQATEAHDLRLERGQEYIILEKNDLHWWRARDKYGSEGYIPSNYVTGKK
58,LYS,LEU,0.4807,0,1,19,0.8314,0.7968,1.1675,0.8900,0.8448,0.8275,0.8519,0.9282,0.9257,0.8062,0.4807,1.0747,0.7564,0.9364,1.2083,1.0987,0.9841,0.8003,1.0315,0.7570,SEIVVAMYDFQATEAHDLRLERGQEYIILEKNDLHWWRARDKYGSEGYIPSNYVTGKK
