mut1,mut2,ddG
E25I,E46V,-1.4478756189346313
E25I,S45L,-1.442169427871704
E25I,S45V,-1.3065661191940308
E25I,K57L,-1.251320481300354
E25I,E46R,-1.2422435283660889
E25I,N32V,-1.2108887434005737
E25I,E46K,-1.2030084133148193
E25I,K42L,-1.1939129829406738
E25I,E46L,-1.1820529699325562
E25I,D41V,-1.1701771020889282
E25I,K57V,-1.1685755252838135
E25I,K31L,-1.165514349937439
E25I,D41W,-1.1622378826141357
E25L,E46V,-1.160752534866333
E21L,E25V,-1.1604374647140503
E25I,L34R,-1.1569867134094238
E21H,E25I,-1.1541537046432495
E25L,S45V,-1.1487600803375244
E25I,K57W,-1.1483912467956543
E25I,N32W,-1.1332002878189087
E25I,R40L,-1.1252799034118652
K42I,S45L,-1.1213796138763428
S45L,E46V,-1.116510033607483
E25I,N32Y,-1.1085000038146973
M7L,T13V,-1.1055190563201904
E25I,R38V,-1.1002936363220215
E25L,D41W,-1.0940353870391846
E25I,E46Q,-1.0918927192687988
E21I,E25V,-1.0911763906478882
E25I,R40V,-1.0895283222198486
E25I,I28V,-1.0882829427719116
E21I,E25L,-1.0872026681900024
M7L,E25V,-1.086958885192871
E21L,S45V,-1.0777781009674072
E25I,G56L,-1.0758781433105469
E25I,L29V,-1.0733870267868042
E21L,E46V,-1.072621464729309
R22L,E25V,-1.0572491884231567
E25I,Y26L,-1.054476261138916
R22I,E25L,-1.0498487949371338
E25I,G56V,-1.0466116666793823
E21I,S45L,-1.0459539890289307
E25L,D41V,-1.0344136953353882
E25I,S45R,-1.0341792106628418
T13I,E25V,-1.0295166969299316
E25L,N32Y,-1.0283352136611938
E25I,R38L,-1.0221697092056274
K31I,S45L,-1.0208194255828857
E25I,E46Y,-1.0189361572265625
R22I,E25V,-1.0165562629699707
E25I,T55L,-1.0160566568374634
E25I,S51W,-1.010392665863037
E25I,E46W,-1.0082160234451294
E2H,E25I,-1.0078397989273071
E25I,K57Y,-1.0071216821670532
E21L,D41W,-1.0056898593902588
E25L,N32V,-1.0048761367797852
E25I,L34Q,-0.9990127086639404
Q11I,E25L,-0.9963104724884033
E25V,D41W,-0.991940975189209
T13I,E25L,-0.9913617372512817
E2I,E25V,-0.9885475039482117
E14H,E25I,-0.9864007830619812
E25I,T55V,-0.9861496686935425
E25I,K42V,-0.9846261143684387
A15I,E25L,-0.9837254881858826
E25I,S45K,-0.9833571910858154
R22M,E25V,-0.983048677444458
E21L,N32Y,-0.9794580340385437
M7L,E46V,-0.9763331413269043
Q11I,E25V,-0.9697995185852051
R22I,S45L,-0.9697965383529663
A15I,S45L,-0.9688401222229004
E25I,E46T,-0.9648165106773376
E21L,D41V,-0.9639496207237244
E25I,D41K,-0.9577211141586304
E46I,K57L,-0.9573616981506348
E2I,E25L,-0.9540860056877136
E21L,R22M,-0.9502559900283813
E25L,R40V,-0.9495071172714233
E25L,K57V,-0.9491226077079773
D41I,S45L,-0.9465445280075073
E2I,S45L,-0.9460198879241943
Q11I,S45L,-0.9430664777755737
E25L,N32W,-0.9405306577682495
E21I,E46V,-0.9395341277122498
M7L,T13W,-0.9387555718421936
E25I,L34V,-0.9382486343383789
A15I,E25V,-0.9353154301643372
R22L,E46V,-0.9345028400421143
E25V,K57W,-0.9337074756622314
E25V,N32W,-0.930743932723999
E25I,I27V,-0.9291462302207947
Q11L,E25V,-0.9281259179115295
E21L,N32V,-0.9269425868988037
K42I,E46V,-0.9268956780433655
T13I,S45L,-0.92679762840271
K42L,E46V,-0.9225572943687439
E25H,K57I,-0.9190900325775146
Q11F,E25L,-0.9168874025344849
E25I,T55M,-0.9156806468963623
E25I,K57M,-0.9111409187316895
Q11I,E21L,-0.9110816717147827
K42I,K57L,-0.9106601476669312
E25L,K57W,-0.9102619886398315
E25I,G56M,-0.9099071025848389
L34I,S45L,-0.9065406918525696
E25L,D41Y,-0.9055923819541931
E25I,L34W,-0.9054493308067322
E25H,E46I,-0.9054474234580994
E25I,H35W,-0.9035097360610962
T13I,E21L,-0.9034261703491211
M7L,S45V,-0.9027668237686157
E46H,K57I,-0.9027137756347656
E25V,N32Y,-0.9023387432098389
E21L,R22V,-0.9021022319793701
E25I,L34K,-0.9018292427062988
S45L,K57W,-0.9004083275794983
E25I,G56R,-0.8989505171775818
E25L,E46Y,-0.8973212838172913
E25I,E46M,-0.896314799785614
E25I,K31V,-0.8960785269737244
A15I,E21L,-0.8951365947723389
E25I,S45M,-0.8947770595550537
E21H,E25V,-0.8941485285758972
E25I,E46S,-0.892723023891449
E25L,R38V,-0.8919891715049744
E21M,E25V,-0.8891522884368896
S45L,K57V,-0.8881303071975708
E25I,D41R,-0.8849455118179321
E25I,T55Q,-0.8843916654586792
E25I,L34M,-0.8838613629341125
E25I,D33W,-0.8837190866470337
K31L,E46V,-0.8831324577331543
E21L,R40V,-0.8805718421936035
E46I,K57V,-0.8784922361373901
E25L,G56V,-0.8775314688682556
E25I,N32L,-0.8770374059677124
Q11L,T13V,-0.8755955100059509
S45L,E46R,-0.8733348846435547
Q24E,E25I,-0.8723306059837341
E21L,N32W,-0.8710022568702698
T13I,E46V,-0.8684149384498596
E21I,R22L,-0.8678207397460938
M7L,D41W,-0.8665342330932617
E2I,E21L,-0.8657405376434326
E25I,K57Q,-0.8655519485473633
K42L,S45V,-0.8654035925865173
E25V,E46Y,-0.8652575016021729
R22L,S45V,-0.8641320466995239
E21L,K57V,-0.8638145923614502
Q11I,T13V,-0.8626692295074463
E25L,K57Y,-0.8614621162414551
E21L,K57W,-0.860580563545227
E25I,D41L,-0.8601982593536377
E25I,V54L,-0.8587321043014526
E25L,L34M,-0.8557653427124023
K31L,S45V,-0.8550199270248413
E25I,E30R,-0.8542361259460449
E25I,K42M,-0.8541696667671204
M7L,D41V,-0.8531615138053894
E25L,S45M,-0.8510291576385498
K42I,E46L,-0.8496955633163452
E21H,E46I,-0.8479728698730469
R22I,E46V,-0.847688615322113
E25I,E30Q,-0.8443642854690552
E21L,D41Y,-0.8440560102462769
E46I,K57W,-0.8433619737625122
E25L,E46R,-0.843023419380188
E21L,E25W,-0.8425183296203613
A15L,E25V,-0.8404642343521118
D17E,E25I,-0.8401385545730591
T13M,E25V,-0.8400851488113403
V5I,E25V,-0.8384287357330322
E21I,K57L,-0.8379778861999512
E2I,T13V,-0.8379477262496948
E21A,E25I,-0.8375732898712158
E14L,E25V,-0.8372853398323059
V5I,E25L,-0.8370651006698608
E21H,E25L,-0.836390495300293
E25I,D41P,-0.8359483480453491
E25I,R40M,-0.8357558846473694
T13H,E25I,-0.8355292081832886
V5L,E25V,-0.8347382545471191
E2I,E46V,-0.8337281346321106
E25H,S45L,-0.8325314521789551
E25I,S51V,-0.8313321471214294
S45L,G56V,-0.8306865692138672
R40L,E46V,-0.830223798751831
E21L,E46Y,-0.8297522068023682
E25I,N32K,-0.8288280963897705
S45L,E46W,-0.8274282217025757
M7L,Q11V,-0.8261462450027466
M7L,N32V,-0.8255980014801025
T13F,E25L,-0.8250184059143066
S45I,E46V,-0.8241451382637024
Q11I,E46V,-0.8238322734832764
E25L,G56M,-0.8231796622276306
E25L,E46T,-0.8226280212402344
E25V,K57Y,-0.8156417608261108
M7L,N32W,-0.8150547742843628
S45L,G56M,-0.814043402671814
Q11F,E25I,-0.8133363723754883
M7L,E25R,-0.8132808208465576
E21H,K57I,-0.813223123550415
V5L,T13V,-0.813046932220459
R22L,D41V,-0.8127828240394592
E21I,K42L,-0.8127351403236389
E25L,K57M,-0.8125773668289185
M7L,K57W,-0.8123399019241333
E25L,E46W,-0.8122968077659607
E21L,E25M,-0.809650182723999
E14A,E25I,-0.8091586828231812
Q11L,T13W,-0.8087338805198669
E25I,T55Y,-0.808695912361145
E21L,E25Y,-0.8080401420593262
E25L,T55M,-0.8077353239059448
R22L,D41W,-0.8073089122772217
S45L,T55M,-0.8070513010025024
R22M,E46V,-0.8065958619117737
E25I,N32P,-0.8061649799346924
Q11L,E46V,-0.8053464889526367
D41I,E46V,-0.805101752281189
E25I,L34S,-0.8046020269393921
E25I,Y48W,-0.8032405972480774
E21L,R38V,-0.8029605150222778
K31I,E46V,-0.8022802472114563
E25I,K58L,-0.8012776374816895
E25I,G56Q,-0.7995175123214722
E25I,K57R,-0.7989530563354492
M7L,E46R,-0.7975180149078369
E25I,E30L,-0.797095000743866
K42I,S45V,-0.7965575456619263
S45L,E46T,-0.7960531711578369
E25L,T55V,-0.7960237860679626
E25I,D41Y,-0.7959204316139221
E21L,G56V,-0.7951381206512451
E21I,S45V,-0.7945191264152527
S45L,E46Y,-0.7932466268539429
E25I,D33V,-0.793203592300415
S45L,E46M,-0.7914885878562927
E25V,S51W,-0.7890788316726685
Q11F,S45L,-0.7882674336433411
E25I,S51R,-0.7880422472953796
R22L,N32V,-0.7865183353424072
S45L,S51W,-0.7861555814743042
E25H,E46V,-0.7858284711837769
E25L,D41M,-0.7854821085929871
E25L,E46M,-0.785387396812439
E21I,K31L,-0.7850871086120605
E25L,K42V,-0.7845887541770935
M7L,N32Y,-0.7840197682380676
E25I,D41M,-0.7840197086334229
E25I,R38Y,-0.7827447652816772
R22I,K57L,-0.7818089723587036
E25L,S51W,-0.7806873917579651
E21I,R40L,-0.7802164554595947
K31I,K57L,-0.7799097299575806
E14A,E25L,-0.7782022953033447
E14I,E25L,-0.7780047059059143
M7L,E25W,-0.7778964042663574
E21L,E46R,-0.777593731880188
A15I,E46V,-0.7766894698143005
E2M,E25V,-0.7753736972808838
R40L,S45V,-0.774249792098999
E21L,E25R,-0.7740459442138672
E21L,S45M,-0.773850679397583
E25L,L34R,-0.772820234298706
E25V,E46W,-0.772641658782959
V5I,S45L,-0.7713978886604309
Q11I,R22L,-0.770983099937439
E21L,L34M,-0.769960880279541
E21I,D41W,-0.7695549726486206
E25I,S45W,-0.7693895101547241
V4L,E25V,-0.7679791450500488
E25I,R38W,-0.7673016786575317
E25I,K42W,-0.7668355703353882
E25I,K31Q,-0.7668030858039856
E21R,E25V,-0.7667256593704224
E21H,S45L,-0.7651297450065613
E25I,D33K,-0.7649606466293335
E46V,K57W,-0.7646636366844177
E25I,H35R,-0.7646608948707581
A15I,R22L,-0.7645013332366943
E21L,K57Y,-0.7644921541213989
E21L,E46T,-0.7638900279998779
E21I,E46L,-0.762380838394165
T13F,E25I,-0.7623621225357056
E25K,S45L,-0.762236475944519
K31L,N32Y,-0.7614548802375793
R19L,E25V,-0.761184811592102
S45L,K57M,-0.761162519454956
E14L,E46V,-0.7611110806465149
K31L,D41W,-0.7610454559326172
Q11F,E21L,-0.7591239213943481
T13V,D41W,-0.7586337327957153
T13V,N32Y,-0.7581821084022522
Q11L,D41W,-0.7565433979034424
E21L,E46W,-0.75642991065979
E25L,L34V,-0.7558097839355469
E46I,G56L,-0.7556692361831665
K31L,D41V,-0.7552500367164612
E21L,G56M,-0.7552297115325928
M7L,R22M,-0.754825234413147
K31I,K42L,-0.7540802359580994
E2I,M7L,-0.7540338039398193
R22I,E46L,-0.7537404298782349
E25I,S45Q,-0.7533320188522339
E25I,D41S,-0.7527222037315369
E25I,G56W,-0.7522997856140137
E25I,Y26V,-0.7515735626220703
E25L,K31V,-0.7515169978141785
E25L,D33W,-0.7502238154411316
E25I,N32M,-0.7501251101493835
E14H,E25L,-0.7494133710861206
M7I,E25L,-0.7488386631011963
E25L,R40M,-0.7478581666946411
E25L,L29V,-0.7472608089447021
E21M,E46V,-0.7468664646148682
R22I,S45V,-0.7466757893562317
E21Q,E25V,-0.7460491061210632
T13I,S45V,-0.7458374500274658
R22L,K57W,-0.7453923225402832
E14I,S45L,-0.7446833848953247
E25I,K31M,-0.7441203594207764
Q11F,E25V,-0.7437931299209595
R22I,K42L,-0.7436972260475159
S45L,E46Q,-0.7431677579879761
E2F,E25I,-0.742817223072052
E25I,G56Y,-0.7428023815155029
A15L,E46V,-0.7427655458450317
T13I,R22L,-0.7422506809234619
E21L,E25T,-0.7416768670082092
R22L,N32Y,-0.7409403920173645
L29I,S45L,-0.7400675415992737
S45L,K57Y,-0.7398642301559448
T13I,K57L,-0.738493025302887
E21L,T55M,-0.7377724051475525
E2A,E25I,-0.7368393540382385
E14M,E25V,-0.736782431602478
E14L,S45V,-0.7365319132804871
S45L,T55V,-0.7364027500152588
E21A,E25L,-0.7348757982254028
E46I,T55L,-0.7348676323890686
E25I,S51K,-0.7341639995574951
Y26L,E46V,-0.7333724498748779
E14H,E25V,-0.7332066893577576
R22I,K31L,-0.7326047420501709
M7L,R22V,-0.731308102607727
E46I,G56V,-0.7306365966796875
E25I,Y43L,-0.7302690744400024
E25I,I49V,-0.7296996116638184
R38I,S45L,-0.7295064330101013
E25I,D41N,-0.7295014262199402
Q11I,K57L,-0.7282317280769348
M7L,K57V,-0.7274588346481323
E21L,S51W,-0.7272207736968994
K31I,R40L,-0.7271418571472168
E2I,R22L,-0.7268420457839966
M7L,L34R,-0.7259026169776917
V5L,E46V,-0.7257180213928223
E25I,T55W,-0.7249038219451904
A15L,S45V,-0.7241073846817017
R22L,N32W,-0.7232800126075745
S45I,K57L,-0.7231654524803162
E25I,A39V,-0.722732424736023
D41H,K57I,-0.7225925922393799
R40L,D41V,-0.7223431468009949
E25I,E30T,-0.7216540575027466
A15I,K57L,-0.7216361165046692
E21L,E46M,-0.7213927507400513
E25I,I49L,-0.7212265133857727
V5I,E21L,-0.720981240272522
N32H,E46I,-0.720494270324707
E25I,R38M,-0.7199581861495972
K31I,E46L,-0.7194832563400269
E46I,K57Y,-0.7189245223999023
E25L,E46Q,-0.7185357213020325
E25I,S45Y,-0.7178468704223633
Q11L,E25R,-0.7177260518074036
V5L,S45V,-0.7176830768585205
Q11I,S45V,-0.7176181077957153
S45L,T55Q,-0.7167238593101501
E25I,L34T,-0.7165352702140808
Q11M,E25V,-0.7163276672363281
E25L,I28V,-0.7160383462905884
E25I,A39S,-0.7158845663070679
E21L,K42V,-0.7156898975372314
L34A,S45L,-0.7139744162559509
T13F,S45L,-0.7137703895568848
R22L,E25W,-0.7135154008865356
K31L,N32V,-0.7134132385253906
E25M,E46V,-0.7120437026023865
L29I,E46V,-0.7120258808135986
E46I,S51W,-0.711546778678894
E2I,K57L,-0.7115329504013062
Q11I,K42L,-0.7110365629196167
E21L,T55V,-0.7107911109924316
E25L,K42M,-0.7105098366737366
E25I,Y48L,-0.710120677947998
R40L,D41W,-0.7096492052078247
K42I,G56L,-0.7091175317764282
A15I,K42L,-0.7087029814720154
D41H,E46I,-0.7081261873245239
E21H,E46V,-0.7080068588256836
E25H,K42I,-0.7065185308456421
E25L,H35W,-0.7061140537261963
M7L,E25Q,-0.7060225009918213
T13I,K42L,-0.7060153484344482
T13F,E25V,-0.7056312561035156
E21L,L34R,-0.7055466175079346
V5I,T13V,-0.7054120302200317
T13L,E25V,-0.7040295600891113
M7I,E25V,-0.7036604881286621
E25I,Y43R,-0.7034611701965332
M7L,E46W,-0.7030212879180908
E25I,K31R,-0.70281583070755
M7L,E25M,-0.7018539309501648
E25V,D33W,-0.7011781930923462
Q11L,N32W,-0.7011301517486572
K31A,S45L,-0.701056182384491
Q11L,E46R,-0.7009461522102356
E2A,E25L,-0.7007742524147034
D17H,E25I,-0.7002339959144592
E21L,L34V,-0.7000797986984253
A15I,R40L,-0.6997934579849243
E21L,R40M,-0.6996053457260132
E21I,D41V,-0.6989686489105225
E14I,E21L,-0.6986316442489624
E25L,S51V,-0.6984899044036865
E14L,D41W,-0.6983629465103149
M7L,E21R,-0.6981488466262817
D41I,K57L,-0.6981074213981628
Q11I,K31L,-0.6977766752243042
T13I,E46L,-0.697742223739624
E25V,H35W,-0.6971828937530518
K31L,R40V,-0.6969701051712036
K42L,K57V,-0.6967621445655823
E21L,E25Q,-0.6965007185935974
R22M,S45V,-0.6962275505065918
M7L,E21M,-0.6955090761184692
R38L,E46V,-0.6953408122062683
N32I,S45L,-0.6944342851638794
M7L,R38V,-0.6943213939666748
L34I,E46V,-0.6942909359931946
E21L,K57M,-0.6941929459571838
Q11F,K57L,-0.6939520835876465
E21L,D33W,-0.6931326389312744
E2H,E25L,-0.693117082118988
R22I,R40L,-0.692896842956543
M7I,S45L,-0.6928906440734863
E14A,S45L,-0.6926818490028381
E2I,S45V,-0.6926626563072205
E25I,E30K,-0.6925662159919739
E2H,E46I,-0.6920126676559448
E25F,K57I,-0.6906709671020508
E21I,K57V,-0.689487636089325
E46I,T55V,-0.6892874240875244
Q11L,K57W,-0.6883140802383423
E2H,E25V,-0.6873199343681335
Q11L,S45V,-0.6872091293334961
T13V,E46Y,-0.6869173049926758
Q11I,R40L,-0.6865732669830322
T13M,E46V,-0.6862752437591553
K31I,D41W,-0.6861907243728638
E25L,K31M,-0.6861009001731873
E25I,N32R,-0.6857632398605347
E14H,E46I,-0.6854884028434753
E2T,E25V,-0.685326874256134
E2I,K42L,-0.684763491153717
E25H,K57L,-0.6847611665725708
E46F,K57I,-0.6847200393676758
E21L,K31V,-0.683861255645752
E25I,D33R,-0.683097779750824
K42I,K57W,-0.6818476319313049
Q11I,E46L,-0.6818091869354248
A15L,D41W,-0.6816941499710083
M7L,Q11Y,-0.6806309223175049
S45M,E46V,-0.6806020140647888
E25L,G56T,-0.6805580854415894
E25L,N32P,-0.6792981624603271
K31I,S45V,-0.6784564852714539
E25I,L34P,-0.6779208183288574
E14H,S45L,-0.6777076721191406
E25H,S45V,-0.6773377656936646
E25L,S45W,-0.677075207233429
D41I,K42L,-0.6770505905151367
A15I,E46L,-0.6769605875015259
Q11I,T13W,-0.6765766143798828
A15I,K31L,-0.6763384342193604
E25L,T55Q,-0.6752288341522217
E25A,S45L,-0.6749116778373718
E21I,N32Y,-0.6747751235961914
S45I,E46L,-0.6743631362915039
D41I,S45V,-0.6741880178451538
T13F,E21L,-0.6741204857826233
E25I,W37R,-0.6737503409385681
T13V,K57W,-0.6727457046508789
E21A,S45L,-0.6714572906494141
E46H,K57L,-0.6712732315063477
K42L,K57W,-0.6709758043289185
E21I,N32V,-0.6703572869300842
M7L,R40V,-0.669906735420227
E25I,E30N,-0.6697477698326111
V4L,T13V,-0.6694604754447937
E25V,L34W,-0.6694141626358032
A15I,S45V,-0.6687269806861877
N32H,S45L,-0.6686388850212097
E25I,H35K,-0.6679508090019226
M7L,E46Q,-0.6672827005386353
Q11H,E25I,-0.6669507622718811
E21L,E46Q,-0.6668809652328491
E46L,K57V,-0.6666207313537598
K42L,E46R,-0.6666200160980225
E21L,D41M,-0.6664029359817505
E21K,E25V,-0.6662649512290955
V5I,E46V,-0.6662602424621582
E25I,G56T,-0.665108859539032
E2R,E25V,-0.6642643809318542
D41I,E46L,-0.664225697517395
M7I,E21L,-0.664186418056488
S45L,S51V,-0.6638533473014832
Q11F,K57I,-0.6637658476829529
E2A,S45L,-0.6637566089630127
K42I,T55L,-0.6634424924850464
N32H,K57I,-0.6632447838783264
K42I,E46R,-0.6628448963165283
S45L,G56R,-0.6625644564628601
L34I,K57L,-0.6622955799102783
R19L,E46V,-0.662225604057312
E14Q,E25V,-0.6606220602989197
S45L,G56T,-0.6606011986732483
E25I,T55R,-0.6602990627288818
E21L,H35W,-0.6601971387863159
K42I,K57V,-0.6599271297454834
R22L,K57V,-0.6597775220870972
M7L,G56V,-0.6596672534942627
T13V,K57Y,-0.6590957641601562
E25I,L29W,-0.658679187297821
E25I,D33P,-0.6584869027137756
E21L,L29V,-0.6580935716629028
E25L,D41P,-0.6574785113334656
E2I,R40L,-0.6574383974075317
E25I,K57S,-0.6558094620704651
E25I,W36R,-0.6555860042572021
E14L,D41V,-0.6555163860321045
E46V,K57Y,-0.6552117466926575
T13I,K31L,-0.6551458835601807
E2I,T13W,-0.6551428437232971
T13V,N32W,-0.6548312306404114
E25I,E30S,-0.654697060585022
M7L,E46Y,-0.6546064615249634
E14H,E21L,-0.6540871262550354
E14A,E21L,-0.6534709930419922
E2I,E46L,-0.6533281803131104
R22L,E25M,-0.6531411409378052
E2F,E25V,-0.6528096199035645
E21T,E25V,-0.6526186466217041
K31L,K57V,-0.6519888639450073
E2F,E25L,-0.6518786549568176
L34I,K42L,-0.651648759841919
E21H,K57L,-0.6511054039001465
V5I,M7L,-0.6509733200073242
E25L,W37V,-0.6504426002502441
E2L,E25V,-0.6499658823013306
E21H,K42I,-0.6488406658172607
E25L,L34T,-0.648594856262207
E2S,E25V,-0.6479064226150513
R22I,D41W,-0.6469523906707764
Y26L,S45V,-0.6467257142066956
E21I,R22V,-0.6458737254142761
E2I,K31L,-0.6456482410430908
S45V,E46Y,-0.6453456878662109
T13I,R40L,-0.6452100276947021
E25H,K42L,-0.644173264503479
M7L,S51W,-0.6437853574752808
S45L,K57Q,-0.6437069177627563
E25I,L34Y,-0.6433276534080505
E14H,K57I,-0.6431081295013428
E2H,S45L,-0.6429678201675415
E25I,K58V,-0.6429609060287476
E2Q,E25V,-0.6426117420196533
Q11L,E25W,-0.6424344778060913
E25I,E30M,-0.6420381665229797
A15I,D41W,-0.6415702104568481
A15L,D41V,-0.6411654949188232
E21L,L34S,-0.6398403644561768
E25I,N52L,-0.6397802233695984
E14I,E25V,-0.6395931243896484
E2H,K57I,-0.6395156383514404
R22L,G56V,-0.6392877101898193
T13V,E25W,-0.6381250619888306
S45L,E46S,-0.6380770802497864
E25L,L34S,-0.6380102038383484
M7L,E21V,-0.6379541158676147
T13W,N32Y,-0.6372634172439575
E14F,E25I,-0.6370007991790771
E21I,N32W,-0.6369153261184692
E25F,S45L,-0.6368930339813232
T55I,K57L,-0.6363421678543091
E25I,K31S,-0.6362923383712769
I3L,E25V,-0.6361004114151001
E2L,T13V,-0.6360015869140625
E25L,R38W,-0.6359808444976807
Q11L,R22M,-0.6359166502952576
R40I,S45L,-0.6355975866317749
E46L,K57W,-0.6355745792388916
K42L,G56V,-0.6351110935211182
Q11E,E25I,-0.6345047354698181
R22L,E25R,-0.6341325044631958
H16E,E25I,-0.6337829232215881
E25I,G56K,-0.6337554454803467
E25R,E46V,-0.633614182472229
T13E,E25I,-0.6333577632904053
T13I,D41W,-0.6332418918609619
Q11I,D41W,-0.6330247521400452
E25I,L34N,-0.6323294043540955
R22L,R40V,-0.6313093900680542
E46V,S51W,-0.6307438611984253
Q11L,D41V,-0.6307339668273926
E14T,E25V,-0.6305503845214844
E25I,S45N,-0.6301839351654053
E25I,D41Q,-0.6298996806144714
E25Q,E46V,-0.6297903060913086
T13I,E46R,-0.6297791600227356
E21L,T55Q,-0.6293410062789917
Q11F,K42L,-0.6292320489883423
E25L,I27V,-0.6290005445480347
E14L,N32Y,-0.628693699836731
E21L,S51V,-0.6283422708511353
R22L,E46R,-0.6280641555786133
K42I,E46Y,-0.6279624104499817
E14L,R22M,-0.627643346786499
K31L,R38V,-0.6268107891082764
E25H,D41I,-0.6265082359313965
E21I,G56L,-0.6256570219993591
K57I,K58L,-0.6253612041473389
D41A,S45L,-0.6252382397651672
E46I,G56M,-0.6251460909843445
K31L,E46Y,-0.6242539882659912
E21H,S45V,-0.6239312291145325
R22L,E46W,-0.6236697435379028
M7L,K57Y,-0.6234942674636841
Q11F,R22L,-0.6234427690505981
E21I,K57W,-0.623083233833313
A6I,E25V,-0.6230703592300415
K42L,E46Y,-0.6227998733520508
E25I,T55K,-0.6226242780685425
E25I,K31Y,-0.6222425103187561
E46I,T55M,-0.6221536993980408
K42I,K57Y,-0.6217635273933411
E25I,W37V,-0.6217494010925293
V4L,E46V,-0.6215681433677673
K31L,N32W,-0.6215021014213562
E21M,S45V,-0.6213562488555908
E21L,I28V,-0.6212567687034607
E21I,E46R,-0.6210755109786987
Q11L,L34R,-0.6209491491317749
E25L,L34W,-0.6208499670028687
T13I,K57V,-0.6200155019760132
Q11F,T13V,-0.6193443536758423
E21L,K42M,-0.6191482543945312
E21F,E25I,-0.6191158890724182
E25V,D41Y,-0.6187056303024292
E2W,N32Y,-0.6181120872497559
E21I,R38L,-0.6180179119110107
E25V,T55Y,-0.6178808212280273
E25I,G56S,-0.6176621913909912
E25L,S45Y,-0.6173207759857178
T13F,K57L,-0.6169198751449585
R19L,S45V,-0.6162712574005127
T13A,E25L,-0.6157966256141663
T13V,E25Y,-0.6155502796173096
E2H,E21L,-0.6154618263244629
E21I,E25W,-0.6153684258460999
E21L,G56T,-0.6146613359451294
Q11L,N32Y,-0.6144275069236755
E25L,L34Q,-0.614425539970398
E14F,E25L,-0.6139870882034302
S45V,K57Y,-0.6139625310897827
Q11I,D41V,-0.6138222217559814
D41K,S45L,-0.6137243509292603
D17G,E25I,-0.6126963496208191
R38L,S45V,-0.612655520439148
E25L,S45R,-0.6126497983932495
T13I,D41V,-0.6126106977462769
M7L,K57M,-0.6125324368476868
M7L,G56M,-0.6121204495429993
E25I,H35V,-0.6119952201843262
T55H,K57I,-0.6117011904716492
K31L,K57W,-0.6114159822463989
E25I,Y26W,-0.6111693978309631
V5L,D41V,-0.6111315488815308
E21I,T55L,-0.6110649108886719
G56L,K57W,-0.6106710433959961
E25I,E46N,-0.6106694936752319
L34I,R40L,-0.6104849576950073
L29I,K57L,-0.6102932691574097
D17A,E25L,-0.6101735830307007
R38L,D41W,-0.6100441217422485
Q11L,N32V,-0.6098783016204834
E25L,N32M,-0.6094649434089661
R40L,K57W,-0.6089619398117065
E2P,E25V,-0.6088004112243652
E21I,Y26L,-0.6086112856864929
K31I,N32Y,-0.6085764169692993
M7L,A15W,-0.6084902286529541
R22I,D41V,-0.6079304218292236
M7L,E21Q,-0.6073200702667236
E25L,K57Q,-0.607263445854187
E21L,K31M,-0.6069188117980957
M7L,T13M,-0.6068398952484131
R22L,G56M,-0.6068063974380493
L34I,E46L,-0.6064420938491821
Q24E,E25L,-0.606395959854126
G56H,K57I,-0.6051377654075623
E46K,K57L,-0.6050150990486145
A6I,S45L,-0.6049385666847229
D41H,S45L,-0.6048758029937744
V5I,K57L,-0.6047446727752686
Q11F,E46L,-0.6045129299163818
V5L,T13W,-0.6043628454208374
K31L,G56V,-0.6042249202728271
S45L,G56Q,-0.603530764579773
R22I,G56L,-0.6034457683563232
A6I,E25L,-0.6033058166503906
E25L,E30T,-0.6031674146652222
E25I,E30W,-0.6024541258811951
E21L,S45W,-0.6021981239318848
E25L,E30Q,-0.6018907427787781
R38L,K57W,-0.6017009019851685
E2A,E21L,-0.6013443470001221
Q24E,E25V,-0.6010071039199829
S45V,K57W,-0.6009678840637207
L34R,E46V,-0.6008703708648682
M7L,E25Y,-0.600761890411377
E25L,E46S,-0.6006597280502319
A15L,N32V,-0.6005150079727173
E25I,N32T,-0.6004277467727661
E25I,Y43W,-0.6002938747406006
E2M,E46V,-0.5990858674049377
N32A,S45L,-0.5986777544021606
K31L,D41Y,-0.5985145568847656
A15L,N32Y,-0.5983495712280273
R38F,S45L,-0.5983394384384155
V4H,E25I,-0.5983384847640991
E21H,K42L,-0.5980687737464905
E25I,Y43Q,-0.5978586077690125
Q11V,T13W,-0.5977993011474609
E46L,K57Y,-0.5972399711608887
A15L,R22M,-0.5969861745834351
E21F,E25L,-0.5969704389572144
M7L,D41P,-0.5968421101570129
R19L,D41W,-0.5967391729354858
L34I,D41W,-0.5956777334213257
E21K,S45L,-0.5952531099319458
Q24E,S45L,-0.5951946377754211
E25L,D33V,-0.5951809883117676
G56A,K57L,-0.5951455235481262
E25I,E30Y,-0.5950209498405457
T13I,N32V,-0.5945035815238953
R22I,K57V,-0.593885600566864
E25H,E46L,-0.5938207507133484
E25I,S51Q,-0.5934964418411255
E25I,N32Q,-0.5927700400352478
E2I,D41W,-0.5927183628082275
M7L,T55M,-0.5925782322883606
L34K,S45L,-0.5922191143035889
E21H,D41I,-0.592147707939148
T13F,K57I,-0.5920110940933228
T13I,E25R,-0.591926097869873
T13I,N32W,-0.5911097526550293
E46I,K57M,-0.5910475254058838
K31I,G56L,-0.5908869504928589
K42L,G56M,-0.5906885266304016
E25V,S45W,-0.5906738042831421
M7L,A15V,-0.5906075239181519
L34A,E46I,-0.5905250310897827
E25I,K42R,-0.5904072523117065
M7L,E46M,-0.5902155637741089
M7L,S45M,-0.5897356271743774
E25I,K57T,-0.5896844267845154
Q11L,E21M,-0.5896778106689453
E14L,N32V,-0.5896497964859009
E46L,G56V,-0.5895460844039917
R22L,E46Y,-0.5894676446914673
S51I,K57L,-0.5893704295158386
K42L,S45M,-0.5893193483352661
E21F,E25V,-0.5889910459518433
G56A,K57I,-0.5888501405715942
S1E,E25I,-0.5887537598609924
E25L,G56R,-0.5887026786804199
R19I,E25L,-0.5885807275772095
E14M,E46V,-0.5884885191917419
Q11F,E46V,-0.5882180333137512
R22L,E25T,-0.5878118872642517
E25M,S45V,-0.5876036286354065
Q11L,E21R,-0.5874402523040771
L34M,E46V,-0.5872603058815002
E21L,L34T,-0.5872480869293213
K31I,R38L,-0.5872117280960083
D41L,E46V,-0.5864232778549194
E25L,Y26V,-0.5860794186592102
S45I,K57V,-0.585474967956543
N32L,E46V,-0.585334062576294
S1A,E25I,-0.5852423310279846
R22I,N32Y,-0.5851783752441406
A15L,R22V,-0.5851318836212158
N32K,S45L,-0.585104763507843
T13L,E46V,-0.5850195288658142
E25I,S51L,-0.5849123001098633
E21H,R22I,-0.5846849679946899
E21L,L34Q,-0.58467036485672
Q11L,E46W,-0.5846209526062012
L29I,S45V,-0.5839942693710327
E25I,K31W,-0.583784282207489
M7L,E46T,-0.5837726593017578
E30H,S45L,-0.5837357044219971
K42I,E46W,-0.5836421847343445
R22L,S45M,-0.5835186243057251
M7L,L34M,-0.582973837852478
E2K,E25V,-0.5829267501831055
Q11I,K57V,-0.5821815729141235
R22I,N32V,-0.5821058750152588
K42A,S45L,-0.5820245742797852
E2I,D41V,-0.581961989402771
E46I,G56R,-0.5819219350814819
E25H,S45I,-0.5817601680755615
E14F,E25V,-0.5815060138702393
E25H,K31I,-0.5813689231872559
E2K,S45L,-0.5812755823135376
E25L,T55W,-0.5807527899742126
R22L,D41Y,-0.5806427001953125
S45L,G56W,-0.5805972814559937
A15H,E25I,-0.5804898142814636
E21I,E46Y,-0.5803342461585999
R19L,D41V,-0.580177903175354
E25V,Y48W,-0.5801159143447876
K31I,D41V,-0.5798754692077637
R22I,R38L,-0.5796650648117065
Q11I,N32V,-0.5796427726745605
D17E,E25V,-0.5796184539794922
E25L,R38M,-0.5794348120689392
I3L,T13V,-0.579224705696106
E21L,S45Y,-0.578909158706665
K31H,S45L,-0.5787003636360168
A15I,D41V,-0.578279972076416
T13I,R22V,-0.5782361626625061
E25I,S51M,-0.5781041979789734
E25V,G56W,-0.5780936479568481
M7L,L29V,-0.5779783725738525
E2I,K57V,-0.5776775479316711
E2L,T13W,-0.5765707492828369
T13I,K57W,-0.5765478014945984
E25L,N32T,-0.5765410661697388
R38L,D41V,-0.5761541724205017
E21L,S45R,-0.5761345028877258
M7L,I28V,-0.5760697722434998
R38L,E46R,-0.575981855392456
R22L,T55V,-0.5759744644165039
A15M,E25V,-0.5757149457931519
K31H,E46I,-0.57563316822052
E21L,E46S,-0.5752884149551392
M7L,T55V,-0.5752418637275696
R22L,E46M,-0.5749905109405518
K42L,K57Y,-0.5748655796051025
E25H,K31L,-0.574786365032196
E21I,R40V,-0.5745241641998291
T13I,N32Y,-0.5742895603179932
E25I,E30V,-0.5739974975585938
T13I,G56L,-0.5737906694412231
R22M,D41W,-0.5736159086227417
T13I,R22M,-0.5733634233474731
R22L,E46T,-0.573243260383606
E21L,E25S,-0.5730907917022705
T13I,E14L,-0.572389543056488
E25L,R38Y,-0.572351336479187
D17E,E25L,-0.5722501277923584
E21I,E46K,-0.5718703866004944
Q11I,E14L,-0.5718103647232056
K42L,T55V,-0.5715029835700989
R22I,N32W,-0.571331262588501
K42I,E46K,-0.571175754070282
E14L,N32W,-0.5711302757263184
N32I,E46V,-0.5710242390632629
E21A,E25V,-0.5710092782974243
A15I,N32Y,-0.5706535577774048
K42L,E46W,-0.5705827474594116
E21I,E25R,-0.5704237222671509
N32F,S45L,-0.5703355073928833
R22L,T55M,-0.5699452757835388
E21L,R38W,-0.5698238015174866
E21I,R22M,-0.5685281753540039
E14I,R22L,-0.5677312612533569
Q11M,E46V,-0.5673683881759644
K31I,N32W,-0.5671517848968506
M7L,H16W,-0.5668991804122925
R22L,R38V,-0.5660979747772217
E2F,K57I,-0.5659414529800415
E25L,Y43M,-0.5658578276634216
E21L,K57Q,-0.5658345818519592
E21L,E30Q,-0.5657432079315186
A15L,R40V,-0.5657382011413574
K31L,K57Y,-0.5654312372207642
Q24F,E25I,-0.5647547245025635
E25V,R38W,-0.5646716356277466
E2I,Q11L,-0.5641816854476929
E30A,S45L,-0.5636401176452637
R22L,S51W,-0.5632325410842896
E14H,K57L,-0.5626941919326782
E25L,G56W,-0.5626904368400574
L29I,E46R,-0.5625159740447998
K42L,T55M,-0.5622504949569702
I3H,E25I,-0.561930239200592
R40M,E46V,-0.5616726279258728
V5I,R22L,-0.5615665912628174
E21L,Q24W,-0.5613343715667725
E25V,R38Y,-0.5611627697944641
T13A,S45L,-0.5607352256774902
R22I,E46R,-0.5603682994842529
Y26L,D41W,-0.5603032112121582
D41I,K57V,-0.5599745512008667
D17E,S45L,-0.5597274899482727
S45L,S51R,-0.5597116351127625
E21I,K57Y,-0.5595080852508545
R22I,K57W,-0.5593338012695312
T13I,E25W,-0.5592004656791687
T13I,R38L,-0.5589996576309204
R22M,N32Y,-0.5589975118637085
Q11I,A15L,-0.5589281320571899
E21A,E46I,-0.558830976486206
R40L,K57V,-0.5587574243545532
G56H,K57L,-0.558735728263855
E25L,E30M,-0.5585360527038574
T13K,S45L,-0.5585081577301025
Q11I,R22M,-0.5581651329994202
S45L,T55W,-0.558137059211731
R22I,Y26L,-0.5578420758247375
T13I,E21V,-0.5573534965515137
V4A,E25I,-0.5572957992553711
M7I,T13V,-0.5572848916053772
M7L,D41Y,-0.5571465492248535
E25I,I28L,-0.556538999080658
R22I,T55L,-0.556372880935669
M7L,H35W,-0.555949330329895
K31I,N32V,-0.555667519569397
T13K,E25V,-0.5556640625
E21L,L34W,-0.5556437969207764
E25L,I28P,-0.5555140376091003
T13I,E21R,-0.5554364919662476
E21H,E46L,-0.5550078749656677
A15I,E25W,-0.5548962354660034
E21L,N32P,-0.5548298358917236
Q24E,K57I,-0.5547067523002625
M7L,S45R,-0.5543879866600037
R22L,L34R,-0.5543728470802307
E25T,E46V,-0.5543443560600281
Q11A,E25L,-0.5541872978210449
E21L,W37V,-0.5540813207626343
T13E,E25L,-0.5535062551498413
R22L,L34M,-0.553311824798584
L29I,K42L,-0.5532503128051758
E25K,E46V,-0.553216814994812
L34I,S45V,-0.5527154207229614
E2I,E14L,-0.5523566603660583
T13H,S45L,-0.5521513223648071
E14L,R22V,-0.5520955324172974
E21L,D41P,-0.5517959594726562
E21L,G56R,-0.5517847537994385
Q11F,T13W,-0.551483154296875
E2F,S45L,-0.5511596202850342
E2I,N32Y,-0.5510660409927368
E14H,E46V,-0.5506823658943176
R38I,E46V,-0.5505944490432739
E25I,K58M,-0.5503987073898315
V5I,K42L,-0.5503954887390137
E14L,K57V,-0.5495415329933167
Q11I,N32Y,-0.549540638923645
E25V,G56Y,-0.5492870807647705
V5H,E25I,-0.5492682456970215
R19I,S45L,-0.5491724610328674
E25L,T55Y,-0.5491424202919006
Q11I,R38L,-0.5490735769271851
K42L,E46M,-0.5489391088485718
M7L,E14M,-0.548888087272644
K31I,K57V,-0.5488136410713196
K42I,S51W,-0.5484761595726013
K42L,K57M,-0.5483940839767456
E2L,E46V,-0.5479147434234619
N32V,D41W,-0.547904372215271
E25I,S51Y,-0.547795832157135
E25F,E46V,-0.5471537113189697
V5L,Q11V,-0.5470880270004272
E21Q,E46V,-0.5470795631408691
E21I,E25Y,-0.5470021367073059
Q11F,E46I,-0.5469108819961548
E30H,E46I,-0.546694815158844
Q11I,R22V,-0.5466341972351074
Q11F,K31L,-0.5466262102127075
V5I,T13W,-0.5465923547744751
M7L,E25T,-0.546467125415802
K31I,T55L,-0.5463531017303467
K31I,K57W,-0.5459754467010498
M7I,E46V,-0.5457766056060791
E25I,N52V,-0.5457046031951904
M7L,R40M,-0.5454692840576172
V5I,S45V,-0.5454330444335938
E14L,K57W,-0.545201301574707
L34A,K57I,-0.5451694130897522
E21L,E30T,-0.5447362661361694
K42M,E46V,-0.5446622371673584
E25V,S45Y,-0.544502854347229
K31H,K57I,-0.5444914698600769
V5L,D41W,-0.5444567203521729
A15L,N32W,-0.5443650484085083
T13I,Y26L,-0.5442601442337036
K42L,E46T,-0.5442568063735962
E21I,R38V,-0.5441163182258606
E46I,T55Q,-0.5439169406890869
T13I,E21M,-0.5433030128479004
E25L,W37R,-0.5432993173599243
S45L,N52V,-0.5430183410644531
E25L,L29W,-0.5428850054740906
D41L,S45V,-0.5427335500717163
E25L,D41S,-0.5426281690597534
E25L,D33P,-0.5425650477409363
R40L,G56V,-0.5425182580947876
E25I,D33N,-0.5422981977462769
E21H,R22L,-0.5421143770217896
R19L,R22M,-0.5420234203338623
E21K,E25L,-0.5418391227722168
E46I,V54L,-0.5418126583099365
E2I,Q11V,-0.5411324501037598
E14A,K57I,-0.5410599112510681
E2M,T13V,-0.541048526763916
Q24F,E25L,-0.5409242510795593
E21I,I28V,-0.5403255224227905
A15I,N32V,-0.5401444435119629
D41I,E46K,-0.5401245355606079
M7L,D33W,-0.5401089191436768
T13I,L34R,-0.5397969484329224
D17A,S45L,-0.5397752523422241
Q11V,D41W,-0.5393089056015015
Q11M,T13V,-0.5392467975616455
K42I,T55M,-0.5389246940612793
V5L,N32V,-0.5385333299636841
T13L,D41W,-0.5381311774253845
E14G,E25I,-0.5381172895431519
E25V,T55W,-0.5379393100738525
L29I,K57W,-0.5379229784011841
E46L,G56M,-0.5378742218017578
R38I,K57L,-0.5377732515335083
N32L,D41W,-0.5376278162002563
K42I,G56M,-0.5375504493713379
T13I,A15L,-0.5374228358268738
E21R,E46V,-0.5372397899627686
E21I,L29V,-0.5371057987213135
Q11L,E25M,-0.5366749167442322
E2I,N32V,-0.5359883308410645
M7L,E14W,-0.5357081890106201
E25L,K31Q,-0.5355373024940491
T13W,E46Y,-0.535338282585144
Y26L,D41V,-0.535187840461731
E25L,G56Q,-0.5351781845092773
M7L,Y48W,-0.535067081451416
E25I,N32S,-0.5350513458251953
R19L,N32V,-0.5346543788909912
E21S,E25V,-0.5343952178955078
M7L,D17W,-0.5342661142349243
R22I,E25W,-0.5341472625732422
E21N,E25V,-0.5339868068695068
Q24E,E46I,-0.5339499711990356
M7L,K42V,-0.5339498519897461
Q11L,R22V,-0.5337252616882324
R40L,E46Y,-0.5335147380828857
K31L,E46W,-0.5332005023956299
E46I,K58L,-0.5330549478530884
E2I,A15L,-0.5325652360916138
E21A,K57I,-0.53243088722229
T13F,E46V,-0.5324294567108154
E25L,G56Y,-0.5324105620384216
E46I,S51V,-0.5323817729949951
E25I,K31T,-0.5322632789611816
E2I,R22V,-0.5322421789169312
M7L,R19V,-0.5321928262710571
E14F,S45L,-0.531929075717926
E14L,R40V,-0.5318527221679688
A15I,K57V,-0.531642735004425
T13V,S51W,-0.5316014289855957
E21L,R38Y,-0.5314306616783142
E14A,E25V,-0.5313476324081421
E14A,E46I,-0.5311925411224365
E21L,N32M,-0.5311397314071655
N32L,S45V,-0.5310710668563843
E46I,K57Q,-0.5310025811195374
E25K,K57L,-0.5307825207710266
K31L,T55V,-0.5300589799880981
E46K,G56L,-0.5295244455337524
E21L,D41S,-0.5294296741485596
T13I,E46K,-0.5292052626609802
K31I,E46R,-0.5290266275405884
Y26L,N32Y,-0.5288397073745728
E25I,N52W,-0.5286210775375366
E14A,K57L,-0.528578519821167
A15L,K57V,-0.5283124446868896
A15I,G56L,-0.5280532836914062
E25L,K58V,-0.5278681516647339
E25S,E46V,-0.5275486707687378
A6I,E21L,-0.5274069309234619
R22L,E25Y,-0.5271077156066895
Q11F,K42I,-0.5270790457725525
Q11L,T13M,-0.5270601511001587
V5I,E46L,-0.5268129110336304
T13V,E46W,-0.5265209674835205
E46L,T55M,-0.5263999104499817
R22M,K57W,-0.5263372659683228
Q11L,K57V,-0.5262537598609924
T13F,K42L,-0.525821328163147
D17E,E21L,-0.525808572769165
S45V,S51W,-0.5257149934768677
L34A,K57L,-0.5255167484283447
E2I,V5L,-0.5254701375961304
K31L,S45M,-0.5254673957824707
E25L,D41R,-0.5254406929016113
E21I,G56V,-0.5250514149665833
E14N,E25V,-0.5250064730644226
R22M,K57V,-0.5249713659286499
T13H,E25L,-0.52492755651474
K42I,G56V,-0.5247535109519958
E21L,R38M,-0.5245890617370605
I3L,E46V,-0.5245360136032104
E14H,K42L,-0.5241674184799194
Q11I,E46R,-0.5241053700447083
Q11I,G56L,-0.5240556001663208
R22L,K57Y,-0.5240026712417603
M7I,K57L,-0.5233768224716187
K42I,E46M,-0.5233209133148193
T13I,T55L,-0.523274302482605
L29I,N32W,-0.5231679677963257
E25F,E46I,-0.5228475332260132
Q11I,E21M,-0.522550106048584
E21L,I27V,-0.5225458145141602
T13M,S45V,-0.5224347114562988
K31L,E46R,-0.5223517417907715
E25I,K42S,-0.5222737789154053
K31L,G56M,-0.5217447280883789
E25L,S51M,-0.5216631293296814
E21I,L34R,-0.5216419100761414
M7L,T55Q,-0.5212386846542358
E46L,S51W,-0.5208600759506226
E2I,G56L,-0.5207722187042236
T13I,E25Q,-0.5205683708190918
D41H,K42I,-0.5205622315406799
E21L,D33V,-0.520472526550293
M7L,N32P,-0.5204265713691711
R40L,S45M,-0.5202817916870117
M7L,L34V,-0.5201412439346313
D17A,E25I,-0.5200979113578796
E2L,D41W,-0.5199688673019409
K42L,S51W,-0.519823431968689
A15I,R38L,-0.5196220874786377
V4L,T13W,-0.5194836854934692
R22L,K57M,-0.5194736123085022
E21M,D41W,-0.5193641185760498
R19I,E21L,-0.5192117691040039
E21H,S45I,-0.5190402269363403
E25L,S45Q,-0.5184962749481201
Q11V,N32Y,-0.5183946490287781
D41I,G56L,-0.5181073546409607
E25H,D41V,-0.5178726315498352
V4H,E25L,-0.5178571939468384
E25L,N52V,-0.5174216032028198
T13L,S45V,-0.5173854827880859
Q11A,E25I,-0.5172278881072998
K31I,E46Y,-0.5170981884002686
E2I,E25W,-0.5170532464981079
M7L,K31V,-0.5164995193481445
L34Q,E46V,-0.516393780708313
E14L,E25W,-0.5163675546646118
G56L,K57V,-0.5159839391708374
H16I,E25L,-0.5159382820129395
R22I,E25R,-0.515375018119812
Q11I,N32W,-0.5151185989379883
E25I,Y43M,-0.5150904655456543
E14L,E21M,-0.5150430202484131
E21V,D41W,-0.5147993564605713
T13H,E46I,-0.5144304037094116
M7L,L34Q,-0.5144038796424866
E46L,T55V,-0.5139764547348022
Q11I,Y26L,-0.5137805938720703
Q11L,R40V,-0.5137342810630798
K31L,L34M,-0.5136632919311523
A15I,R22M,-0.5135593414306641
E25I,K57P,-0.5127648115158081
R19M,E25V,-0.5124902725219727
Q11L,S51W,-0.5123910903930664
K42I,S45M,-0.5121245384216309
A15L,R38V,-0.5120505094528198
A15I,R19L,-0.5119982957839966
T55F,K57I,-0.511963963508606
E21L,T55Y,-0.5117313861846924
T13A,E25I,-0.5115009546279907
S45I,E46K,-0.5114651918411255
E25R,S45V,-0.5114073753356934
D41I,K57W,-0.5113953948020935
E25L,K42W,-0.5113312602043152
T13I,E25M,-0.5113095641136169
T13E,S45L,-0.5109826922416687
E2I,R38L,-0.5107012987136841
M7L,E14Q,-0.510628879070282
E21I,E25M,-0.5101616978645325
R19L,N32Y,-0.5097846984863281
M7L,K42M,-0.5097616910934448
V5L,N32Y,-0.5093904733657837
L34M,S45V,-0.5092158317565918
A39I,S45L,-0.5091142058372498
E21L,G56Q,-0.5091108679771423
R40L,G56M,-0.508830189704895
T13F,E46L,-0.5086686015129089
E2W,E46Y,-0.508588969707489
K42I,E46Q,-0.5084086656570435
S45I,E46R,-0.508246660232544
S1A,E25L,-0.5080958008766174
E21L,N32T,-0.508041262626648
E21L,T55W,-0.5076735019683838
E46I,T55Y,-0.5075527429580688
E30L,E46V,-0.5074019432067871
E25L,L29P,-0.5072969794273376
E25W,N32Y,-0.507037878036499
Q11I,E21V,-0.5069419145584106
D17E,K57I,-0.5069214105606079
E25L,A39V,-0.5068281292915344
R40L,D41Y,-0.5067312717437744
E2I,K57W,-0.5065994262695312
E25L,W36R,-0.5063568353652954
Y26L,N32V,-0.5058560371398926
Q11L,S45R,-0.5056633353233337
A15L,E25W,-0.5056235790252686
L29I,E46K,-0.5056170225143433
E25I,G44L,-0.5054937601089478
E21L,K31Q,-0.5054366588592529
S45H,E46I,-0.505308985710144
S1H,E25I,-0.5052486062049866
T13F,R22L,-0.5051433444023132
R40L,E46W,-0.5047088861465454
E25A,E46I,-0.5046569108963013
E21F,S45L,-0.5046102404594421
V5I,K31L,-0.5041916370391846
A15I,Y26L,-0.5041311383247375
S45H,K57I,-0.5040959119796753
V4L,S45V,-0.5040861368179321
T13V,D41Y,-0.5038037300109863
E14L,D41Y,-0.5032273530960083
R38I,K42L,-0.50296950340271
Q11I,T55L,-0.5029287338256836
K31I,K57Y,-0.5029201507568359
E21L,E30M,-0.5029021501541138
R22L,L34V,-0.5027331113815308
Q11K,E25V,-0.5022308826446533
T13I,E46Y,-0.5020882487297058
E2H,K57L,-0.5020201802253723
A15I,E21M,-0.5020153522491455
Y26L,E46R,-0.501409649848938
A15I,N32W,-0.5012695789337158
D41V,E46Y,-0.5011961460113525
L34H,S45L,-0.5009763240814209
E2F,E21L,-0.5002233982086182
E25H,K57V,-0.5001923441886902
E25L,R38P,-0.5001869797706604
L29I,L34R,-0.5001691579818726
E30H,K57I,-0.5000851154327393
Q11L,E25T,-0.5000548362731934
